Id,UserId,CompletedAt,EnoughInformation,DataSetId
432,83,"2020-08-06 14:26:11",1,1228
433,84,"2020-08-06 14:29:59",1,1229
434,84,"2020-08-06 14:31:33",1,1228
435,84,"2020-08-06 14:36:42",1,1230
436,84,"2020-08-06 14:40:21",1,1231
437,84,"2020-08-06 14:42:31",1,1241
438,84,"2020-08-06 22:35:00",1,1233
439,84,"2020-08-06 22:38:14",1,1239
440,84,"2020-08-06 22:38:43",1,1244
441,85,"2020-08-06 22:39:52",1,1228
442,84,"2020-08-06 22:41:32",1,1238
443,85,"2020-08-06 22:44:48",1,1229
444,85,"2020-08-06 22:48:50",1,1230
445,85,"2020-08-06 22:53:24",1,1231
446,85,"2020-08-06 22:56:04",1,1232
447,85,"2020-08-06 23:04:43",1,1233
448,85,"2020-08-06 23:40:48",1,1234
449,85,"2020-08-07 00:01:11",1,1631
450,87,"2020-08-07 10:42:26",1,1228
451,87,"2020-08-07 10:45:18",1,1229
452,84,"2020-08-07 15:32:34",1,1290
453,85,"2020-08-07 18:51:52",1,1517
454,86,"2020-08-07 21:31:08",1,1228
455,86,"2020-08-07 21:33:16",1,1229
456,86,"2020-08-07 21:38:27",1,1631
457,86,"2020-08-07 21:42:37",1,1365
458,88,"2020-08-07 23:53:57",1,1228
459,88,"2020-08-07 23:56:34",1,1229
460,88,"2020-08-08 00:05:46",1,1230
461,86,"2020-08-08 03:08:23",1,1723
462,88,"2020-08-08 22:37:02",1,1232
463,88,"2020-08-08 22:42:25",1,1231
464,88,"2020-08-08 22:44:02",1,1233
465,88,"2020-08-08 22:49:45",1,1234
466,88,"2020-08-08 22:51:50",1,1235
467,86,"2020-08-10 03:57:55",1,1347
468,86,"2020-08-10 04:00:05",1,1230
469,86,"2020-08-10 04:03:17",1,1231
470,86,"2020-08-10 04:17:40",1,1939
471,89,"2020-08-10 14:55:44",1,1228
472,88,"2020-08-10 22:44:43",1,1236
473,88,"2020-08-10 22:55:56",1,1237
474,88,"2020-08-10 23:01:16",1,1238
475,88,"2020-08-10 23:04:23",1,1239
476,88,"2020-08-10 23:05:19",1,1240
477,89,"2020-08-11 16:14:54",1,1230
478,90,"2020-08-11 17:33:51",1,1498
479,92,"2020-08-11 18:20:07",1,1228
480,86,"2020-08-11 18:21:50",1,1232
481,86,"2020-08-11 18:22:42",1,1233
482,92,"2020-08-11 18:24:01",1,1229
483,86,"2020-08-11 18:24:23",1,1234
484,92,"2020-08-11 18:25:12",1,1230
485,86,"2020-08-11 18:25:54",1,1235
486,86,"2020-08-11 18:26:25",1,1236
487,86,"2020-08-11 18:27:36",1,1237
488,86,"2020-08-11 18:28:36",1,1238
489,86,"2020-08-11 18:29:35",1,1239
490,86,"2020-08-11 18:30:31",1,1240
491,86,"2020-08-11 18:32:37",1,1241
492,86,"2020-08-11 18:35:12",1,1242
493,86,"2020-08-11 18:37:51",1,1243
494,86,"2020-08-11 18:38:13",1,1244
495,86,"2020-08-11 18:39:36",1,1245
496,86,"2020-08-11 18:39:55",1,1246
497,84,"2020-08-11 21:09:59",1,1234
498,84,"2020-08-11 21:13:18",1,1242
499,84,"2020-08-11 21:14:06",1,1261
500,84,"2020-08-11 21:14:36",1,1262
501,84,"2020-08-11 21:15:59",1,1237
502,94,"2020-08-11 22:26:20",1,1239
503,94,"2020-08-11 22:29:27",1,1244
504,95,"2020-08-12 03:08:52",1,1618
505,95,"2020-08-12 03:11:38",1,1274
506,96,"2020-08-12 06:15:00",1,1359
507,96,"2020-08-12 06:17:38",1,1618
508,96,"2020-08-12 06:19:32",1,1619
509,96,"2020-08-12 06:21:40",1,1922
510,96,"2020-08-12 06:23:14",1,1708
511,96,"2020-08-12 06:24:43",1,1228
512,96,"2020-08-12 06:26:52",1,1229
513,96,"2020-08-12 06:27:56",1,1230
514,96,"2020-08-12 06:30:03",1,1296
515,96,"2020-08-12 06:31:36",1,1231
516,96,"2020-08-12 06:34:19",1,1232
517,96,"2020-08-12 06:35:20",1,1233
518,96,"2020-08-12 06:37:34",1,1234
519,96,"2020-08-12 06:39:27",1,1235
520,96,"2020-08-12 06:40:48",1,1236
521,96,"2020-08-12 06:42:16",1,1237
522,96,"2020-08-12 06:43:56",1,1238
523,96,"2020-08-12 06:45:26",1,1239
524,96,"2020-08-12 06:47:14",1,1240
525,96,"2020-08-12 06:48:13",1,1241
526,96,"2020-08-12 06:49:17",1,1242
527,96,"2020-08-12 07:05:58",1,1704
528,96,"2020-08-12 07:07:05",1,1243
529,96,"2020-08-12 07:09:55",1,1244
530,96,"2020-08-12 07:11:11",1,1245
531,96,"2020-08-12 07:12:06",1,1246
532,96,"2020-08-12 07:13:37",1,1247
533,96,"2020-08-12 07:15:01",1,1248
534,96,"2020-08-12 07:16:46",1,1249
535,96,"2020-08-12 07:17:28",1,1250
536,96,"2020-08-12 07:18:19",1,1251
537,96,"2020-08-12 07:19:11",1,1252
538,96,"2020-08-12 07:20:12",1,1253
539,96,"2020-08-12 07:21:28",1,1254
540,96,"2020-08-12 07:22:31",1,1255
541,96,"2020-08-12 07:23:29",1,1256
542,96,"2020-08-12 07:24:36",1,1257
543,96,"2020-08-12 07:25:41",1,1267
544,96,"2020-08-12 07:26:20",1,1258
545,96,"2020-08-12 07:27:03",1,1259
546,96,"2020-08-12 07:27:45",1,1260
547,96,"2020-08-12 07:28:10",1,1261
548,96,"2020-08-12 07:28:42",1,1262
549,96,"2020-08-12 07:29:20",1,1263
550,96,"2020-08-12 07:29:56",1,1264
551,96,"2020-08-12 07:30:49",1,1265
552,96,"2020-08-12 07:31:30",1,1266
553,96,"2020-08-12 07:32:10",1,1268
554,96,"2020-08-12 07:32:53",1,1269
555,96,"2020-08-12 07:33:39",1,1270
556,96,"2020-08-12 07:34:21",1,1271
557,96,"2020-08-12 07:34:52",1,1272
558,96,"2020-08-12 07:35:35",1,1273
559,96,"2020-08-12 07:36:08",1,1274
560,96,"2020-08-12 07:36:35",1,1275
561,96,"2020-08-12 07:37:26",1,1276
562,96,"2020-08-12 07:37:58",1,1277
563,96,"2020-08-12 07:38:25",1,1278
564,96,"2020-08-12 07:39:00",1,1279
565,96,"2020-08-12 07:39:32",1,1280
566,96,"2020-08-12 07:40:03",1,1281
567,96,"2020-08-12 07:42:04",1,1282
568,98,"2020-08-12 10:59:05",1,1228
569,98,"2020-08-12 12:05:36",1,1229
570,94,"2020-08-12 14:23:31",1,1256
571,94,"2020-08-12 14:24:16",1,1262
572,94,"2020-08-12 14:26:41",1,1255
573,94,"2020-08-12 14:27:14",1,1258
574,94,"2020-08-12 14:27:45",1,1264
575,94,"2020-08-12 14:28:07",1,1261
576,94,"2020-08-12 14:28:29",1,1265
577,94,"2020-08-12 14:28:53",1,1268
578,94,"2020-08-12 14:29:13",1,1270
579,94,"2020-08-12 14:29:40",1,1269
580,94,"2020-08-12 14:30:03",1,1272
581,94,"2020-08-12 14:30:53",1,1273
582,94,"2020-08-12 14:33:04",1,1289
583,94,"2020-08-12 14:33:25",1,1274
584,94,"2020-08-12 14:34:56",1,1253
585,99,"2020-08-12 17:19:43",1,1228
586,99,"2020-08-12 17:22:31",1,1229
587,99,"2020-08-12 17:36:01",1,1230
588,89,"2020-08-12 17:50:27",1,1229
589,99,"2020-08-12 17:55:28",1,1231
590,99,"2020-08-12 18:13:02",1,1232
591,99,"2020-08-12 18:18:44",1,1233
592,99,"2020-08-12 19:00:41",1,1234
593,91,"2020-08-13 06:50:54",1,1228
594,91,"2020-08-13 06:52:10",1,1229
595,91,"2020-08-13 06:54:17",1,1230
596,91,"2020-08-13 06:55:35",1,1231
597,91,"2020-08-13 07:07:42",1,1232
598,91,"2020-08-13 07:08:39",1,1952
599,91,"2020-08-13 07:09:06",1,1941
600,91,"2020-08-13 07:47:40",1,1741
601,91,"2020-08-13 07:49:17",1,1286
602,91,"2020-08-13 07:49:44",1,1233
603,91,"2020-08-13 07:51:42",1,1234
604,91,"2020-08-13 07:53:39",1,1237
605,91,"2020-08-13 07:55:15",1,1238
606,91,"2020-08-13 07:55:50",1,1239
607,91,"2020-08-13 07:56:44",1,1240
608,91,"2020-08-13 07:57:44",1,1241
609,91,"2020-08-13 07:58:31",1,1242
610,91,"2020-08-13 07:59:16",1,1243
611,91,"2020-08-13 08:06:33",1,1247
612,91,"2020-08-13 08:07:13",1,1251
613,91,"2020-08-13 08:08:09",1,1384
614,91,"2020-08-13 08:09:01",1,1261
615,91,"2020-08-13 08:09:32",1,1281
616,91,"2020-08-13 08:10:04",1,1253
617,91,"2020-08-13 08:11:31",1,1249
618,91,"2020-08-13 08:12:16",1,1794
619,91,"2020-08-13 08:13:10",1,1510
620,98,"2020-08-14 17:54:36",1,1230
621,98,"2020-08-14 18:01:36",1,1231
622,92,"2020-08-14 18:06:08",1,1233
623,92,"2020-08-14 18:08:23",1,1231
624,92,"2020-08-14 18:11:21",1,1232
625,92,"2020-08-14 18:14:36",1,1234
626,92,"2020-08-14 18:16:24",1,1237
627,92,"2020-08-14 18:18:59",1,1239
628,92,"2020-08-14 18:20:20",1,1317
629,92,"2020-08-14 18:23:17",1,1476
630,92,"2020-08-14 18:27:37",1,1618
631,92,"2020-08-14 18:28:25",1,1619
632,92,"2020-08-14 18:30:33",1,1708
633,92,"2020-08-14 18:31:20",1,1704
634,92,"2020-08-14 18:32:00",1,1859
635,92,"2020-08-14 18:33:15",1,1744
636,92,"2020-08-14 18:33:37",1,1757
637,92,"2020-08-14 18:35:07",1,1434
638,92,"2020-08-14 18:38:15",1,1463
639,92,"2020-08-14 18:38:38",1,1823
640,92,"2020-08-14 18:39:01",1,1813
641,92,"2020-08-14 18:39:26",1,1749
642,92,"2020-08-14 18:40:02",1,1723
643,92,"2020-08-14 18:40:43",1,1631
644,92,"2020-08-14 18:41:11",1,1630
645,92,"2020-08-14 18:41:35",1,1632
646,92,"2020-08-14 18:41:59",1,1534
647,92,"2020-08-14 18:42:25",1,1273
648,92,"2020-08-14 18:43:21",1,1241
649,92,"2020-08-14 18:43:48",1,1261
650,92,"2020-08-14 18:44:39",1,1240
651,92,"2020-08-14 18:46:31",1,1280
652,92,"2020-08-14 18:48:11",1,1328
653,92,"2020-08-14 18:50:07",1,1347
654,92,"2020-08-14 18:50:38",1,1303
655,92,"2020-08-14 18:51:08",1,1270
656,92,"2020-08-14 18:53:41",1,1286
657,92,"2020-08-14 18:54:22",1,1350
658,92,"2020-08-14 18:56:34",1,1315
659,92,"2020-08-14 18:57:44",1,1510
660,92,"2020-08-14 18:58:16",1,1724
661,92,"2020-08-14 18:59:21",1,1428
662,88,"2020-08-14 19:00:17",1,1241
663,92,"2020-08-14 19:00:42",1,1375
664,92,"2020-08-14 19:01:59",1,1353
665,92,"2020-08-14 19:04:02",1,1370
666,92,"2020-08-14 19:05:04",1,1373
667,92,"2020-08-14 19:07:17",1,1760
668,88,"2020-08-14 19:11:01",1,1242
669,88,"2020-08-14 23:10:32",1,1243
670,88,"2020-08-14 23:10:49",1,1244
671,88,"2020-08-15 00:18:13",1,1245
672,88,"2020-08-15 00:18:57",1,1246
673,88,"2020-08-15 00:52:45",1,1247
674,88,"2020-08-15 00:54:39",1,1248
675,99,"2020-08-15 04:40:20",1,1235
676,99,"2020-08-15 04:42:54",1,1723
677,99,"2020-08-15 04:50:34",1,1724
678,99,"2020-08-15 04:53:03",1,1237
679,99,"2020-08-15 05:22:08",1,1238
680,99,"2020-08-15 05:30:00",1,1239
681,99,"2020-08-15 05:30:58",1,1240
682,99,"2020-08-15 05:32:53",1,1241
683,92,"2020-08-15 22:28:49",1,1613
684,92,"2020-08-15 22:29:53",1,1614
685,92,"2020-08-15 22:31:51",1,1702
686,92,"2020-08-15 22:32:55",1,1699
687,92,"2020-08-15 22:33:24",1,1700
688,88,"2020-08-15 23:41:16",1,1249
689,98,"2020-08-16 10:53:21",1,1232
690,98,"2020-08-16 10:57:52",1,1233
691,98,"2020-08-17 12:28:55",1,1237
692,98,"2020-08-17 12:37:53",1,1239
693,98,"2020-08-17 12:44:52",1,1240
694,98,"2020-08-17 12:49:54",1,1241
695,98,"2020-08-17 13:50:53",1,1243
696,98,"2020-08-17 13:56:40",1,1244
697,99,"2020-08-17 15:59:06",1,1242
698,99,"2020-08-17 16:14:41",1,1243
699,99,"2020-08-17 16:37:29",1,1245
700,99,"2020-08-17 16:42:52",1,1248
701,99,"2020-08-17 16:43:34",1,1249
702,99,"2020-08-17 16:45:19",1,1251
703,99,"2020-08-17 16:46:18",1,1252
704,99,"2020-08-17 16:47:08",1,1253
705,99,"2020-08-17 16:47:39",1,1254
706,99,"2020-08-17 16:50:26",1,1255
707,99,"2020-08-17 16:51:18",1,1256
708,92,"2020-08-17 20:41:49",1,1675
709,92,"2020-08-17 20:42:34",1,1946
710,92,"2020-08-17 20:42:56",1,1743
711,92,"2020-08-17 20:43:25",1,1737
712,92,"2020-08-17 20:43:44",1,1734
713,92,"2020-08-17 20:44:04",1,1747
714,92,"2020-08-17 20:44:34",1,1528
715,92,"2020-08-17 20:49:15",1,1297
716,92,"2020-08-17 20:51:24",1,1401
717,92,"2020-08-17 20:54:06",1,1339
718,92,"2020-08-17 20:55:17",1,1266
719,92,"2020-08-17 20:56:23",1,1330
720,92,"2020-08-17 20:57:32",1,1332
721,92,"2020-08-17 20:58:52",1,1378
722,92,"2020-08-17 21:19:32",1,1426
723,98,"2020-08-18 12:44:17",1,1242
724,98,"2020-08-18 12:46:54",1,1235
725,98,"2020-08-18 12:49:12",1,1236
726,98,"2020-08-18 12:53:40",1,1246
727,98,"2020-08-18 13:00:26",1,1247
728,84,"2020-08-18 15:47:34",1,1723
729,103,"2020-08-18 15:48:56",1,1723
730,104,"2020-08-18 15:49:32",1,1723
731,106,"2020-08-18 15:53:58",1,1723
732,98,"2020-08-19 12:35:45",1,1245
733,98,"2020-08-19 12:39:41",1,1248
734,98,"2020-08-19 12:40:32",1,1249
735,98,"2020-08-19 12:45:33",1,1250
736,98,"2020-08-19 12:46:57",1,1251
737,98,"2020-08-19 12:52:54",1,1254
738,98,"2020-08-19 12:54:35",1,1255
739,88,"2020-08-20 03:28:39",1,1251
740,88,"2020-08-20 03:28:59",1,1250
741,88,"2020-08-20 03:30:11",1,1252
742,88,"2020-08-20 03:35:07",1,1253
743,88,"2020-08-20 03:35:55",1,1254
744,88,"2020-08-20 03:38:34",1,1255
745,88,"2020-08-20 03:41:08",1,1256
746,88,"2020-08-20 03:41:40",1,1257
747,88,"2020-08-20 03:42:37",1,1258
748,88,"2020-08-20 03:43:03",1,1259
749,88,"2020-08-20 03:44:03",1,1260
750,88,"2020-08-20 03:45:03",1,1261
751,88,"2020-08-20 03:45:27",1,1262
752,88,"2020-08-20 03:54:34",1,1263
753,88,"2020-08-20 03:55:45",1,1264
754,88,"2020-08-20 03:56:15",1,1265
755,98,"2020-08-20 14:21:28",1,1256
756,98,"2020-08-20 14:29:04",1,1290
757,98,"2020-08-20 14:30:46",1,1283
758,88,"2020-08-20 22:48:45",1,1266
759,88,"2020-08-20 22:52:10",1,1267
760,88,"2020-08-20 22:53:03",1,1268
761,88,"2020-08-20 22:53:33",1,1269
762,88,"2020-08-20 22:53:58",1,1270
763,88,"2020-08-20 22:54:37",1,1271
764,92,"2020-08-21 10:51:16",1,1696
765,92,"2020-08-21 11:29:18",1,1701
766,92,"2020-08-21 11:29:45",1,1703
767,92,"2020-08-21 11:31:17",1,1609
768,92,"2020-08-21 11:31:35",1,1611
769,92,"2020-08-21 11:31:53",1,1612
770,92,"2020-08-21 11:32:26",1,1610
771,92,"2020-08-21 11:34:15",1,1698
772,92,"2020-08-21 11:34:38",1,1697
773,92,"2020-08-21 11:38:38",1,1607
774,92,"2020-08-21 11:39:12",1,1605
775,92,"2020-08-21 11:45:46",1,1606
776,92,"2020-08-21 11:47:12",1,1604
777,92,"2020-08-21 11:48:04",1,1608
778,92,"2020-08-21 11:48:32",1,1695
779,99,"2020-08-22 03:35:35",1,1247
780,99,"2020-08-22 03:36:01",1,1246
781,99,"2020-08-22 03:36:31",1,1236
782,99,"2020-08-22 03:38:07",1,1244
783,99,"2020-08-22 03:39:40",1,1250
784,99,"2020-08-22 03:50:42",1,1257
785,99,"2020-08-22 03:51:47",1,1258
786,99,"2020-08-22 03:53:50",1,1259
787,99,"2020-08-22 03:56:14",1,1260
788,99,"2020-08-22 04:01:45",1,1261
789,99,"2020-08-22 04:02:20",1,1262
790,99,"2020-08-22 04:03:01",1,1263
791,99,"2020-08-22 04:03:41",1,1264
792,99,"2020-08-22 04:31:56",1,1265
793,99,"2020-08-22 04:32:29",1,1266
794,99,"2020-08-22 04:32:55",1,1267
795,99,"2020-08-22 04:33:45",1,1268
796,99,"2020-08-22 04:34:15",1,1269
797,99,"2020-08-22 04:34:56",1,1270
798,99,"2020-08-22 04:35:25",1,1271
799,99,"2020-08-22 04:35:56",1,1272
800,99,"2020-08-22 04:36:32",1,1273
801,99,"2020-08-22 04:37:07",1,1274
802,99,"2020-08-22 04:37:38",1,1275
803,99,"2020-08-22 04:38:10",1,1276
804,99,"2020-08-22 04:38:42",1,1277
805,99,"2020-08-22 04:39:11",1,1278
806,99,"2020-08-22 04:40:40",1,1282
807,99,"2020-08-22 04:41:13",1,1279
808,99,"2020-08-22 04:41:43",1,1280
809,99,"2020-08-22 04:43:28",1,1281
810,99,"2020-08-22 04:44:09",1,1283
811,99,"2020-08-22 04:45:01",1,1284
812,99,"2020-08-22 04:48:16",1,1286
813,99,"2020-08-22 04:50:32",1,1287
814,99,"2020-08-22 04:52:53",1,1288
815,99,"2020-08-24 20:41:04",1,1290
816,99,"2020-08-24 20:43:04",1,1291
817,104,"2020-08-25 15:44:03",1,1724
818,105,"2020-08-25 15:44:53",1,1724
819,107,"2020-08-25 15:45:45",1,1724
820,99,"2020-08-26 03:44:24",1,1292
821,99,"2020-08-26 03:47:59",1,1293
822,99,"2020-08-26 03:49:51",1,1295
823,99,"2020-08-26 03:55:22",1,1297
824,94,"2020-08-27 00:02:14",1,1251
825,94,"2020-08-27 00:03:40",1,1276
826,94,"2020-08-27 00:04:08",1,1271
827,94,"2020-08-27 00:04:38",1,1263
828,94,"2020-08-27 00:05:23",1,1278
829,94,"2020-08-27 00:05:59",1,1267
830,94,"2020-08-27 00:06:23",1,1280
831,94,"2020-08-27 00:06:47",1,1277
832,94,"2020-08-27 00:07:58",1,1281
833,92,"2020-08-27 17:18:10",1,1602
834,92,"2020-08-27 17:18:39",1,1603
835,92,"2020-08-27 17:20:11",1,1600
836,92,"2020-08-27 17:20:31",1,1599
837,92,"2020-08-27 17:21:21",1,1694
838,92,"2020-08-27 17:22:04",1,1693
839,92,"2020-08-27 17:22:41",1,1692
840,92,"2020-08-27 17:23:17",1,1690
841,92,"2020-08-27 17:23:46",1,1689
842,92,"2020-08-27 17:25:16",1,1688
843,92,"2020-08-27 17:26:02",1,1687
844,92,"2020-08-27 17:27:43",1,1598
845,92,"2020-08-27 17:28:05",1,1709
846,92,"2020-08-27 17:34:40",1,1616
847,92,"2020-08-27 17:35:04",1,1714
848,92,"2020-08-27 17:35:27",1,1711
849,92,"2020-08-27 17:35:48",1,1710
850,92,"2020-08-27 17:37:03",1,1629
851,92,"2020-08-27 17:37:24",1,1715
852,92,"2020-08-27 17:37:46",1,1716
853,109,"2020-08-27 20:05:21",1,1239
854,109,"2020-08-27 20:06:54",1,1241
855,109,"2020-08-27 20:10:36",1,1348
856,109,"2020-08-27 20:13:18",1,1238
857,109,"2020-08-27 20:14:50",1,1234
858,109,"2020-08-27 20:19:28",1,1246
859,109,"2020-08-27 20:20:54",1,1229
860,109,"2020-08-27 20:24:29",1,1231
861,88,"2020-08-28 22:01:48",1,1272
862,88,"2020-08-28 22:02:14",1,1273
863,110,"2020-08-30 15:36:38",1,1275
864,112,"2020-08-31 14:01:36",1,1725
865,113,"2020-08-31 14:02:50",1,1725
866,114,"2020-08-31 14:03:24",1,1725
867,115,"2020-08-31 18:40:21",1,1283
868,115,"2020-08-31 18:41:49",1,1284
869,115,"2020-08-31 18:43:29",1,1287
870,115,"2020-08-31 18:59:03",1,1288
871,118,"2020-09-01 16:56:54",1,1279
872,119,"2020-09-01 17:02:36",1,1282
873,111,"2020-09-01 17:13:04",1,1284
874,111,"2020-09-01 17:14:07",1,1285
875,121,"2020-09-01 17:26:11",1,1710
876,121,"2020-09-01 17:29:59",1,1519
877,123,"2020-09-01 17:36:38",1,1510
878,123,"2020-09-01 17:42:24",1,1509
879,123,"2020-09-01 17:45:52",1,1285
880,123,"2020-09-01 17:47:53",1,1287
881,123,"2020-09-01 17:50:29",1,1288
882,123,"2020-09-01 18:04:23",1,1289
883,124,"2020-09-01 18:23:55",1,1289
884,124,"2020-09-01 18:27:00",1,1291
885,124,"2020-09-01 18:30:40",1,1293
886,126,"2020-09-01 18:30:42",1,1285
887,127,"2020-09-01 18:31:28",1,1285
888,126,"2020-09-01 18:32:46",1,1291
889,124,"2020-09-01 18:33:59",1,1294
890,124,"2020-09-01 18:35:46",1,1295
891,126,"2020-09-01 18:36:29",1,1292
892,124,"2020-09-01 18:37:32",1,1296
893,126,"2020-09-01 18:38:00",1,1293
894,124,"2020-09-01 18:39:47",1,1297
895,115,"2020-09-01 18:40:44",1,1292
896,124,"2020-09-01 18:42:33",1,1298
897,124,"2020-09-01 18:45:29",1,1300
898,124,"2020-09-01 18:49:55",1,1301
899,124,"2020-09-01 18:52:34",1,1302
900,115,"2020-09-01 18:52:39",1,1295
901,115,"2020-09-01 18:53:03",1,1294
902,115,"2020-09-01 18:53:45",1,1296
903,124,"2020-09-01 18:53:55",1,1303
904,124,"2020-09-01 18:56:12",1,1304
905,124,"2020-09-01 18:57:12",1,1305
906,124,"2020-09-01 18:58:44",1,1306
907,124,"2020-09-01 19:00:03",1,1307
908,124,"2020-09-01 19:00:35",1,1308
909,124,"2020-09-01 19:02:12",1,1309
910,124,"2020-09-01 19:03:08",1,1310
911,124,"2020-09-01 19:04:03",1,1311
912,124,"2020-09-01 19:04:59",1,1312
913,124,"2020-09-01 19:06:09",1,1313
914,115,"2020-09-01 19:07:03",1,1298
915,124,"2020-09-01 19:07:25",1,1314
916,115,"2020-09-01 19:07:37",1,1299
917,124,"2020-09-01 19:08:07",1,1318
918,124,"2020-09-01 19:09:44",1,1315
919,115,"2020-09-01 19:10:05",1,1300
920,124,"2020-09-01 19:10:30",1,1317
921,124,"2020-09-01 19:11:23",1,1316
922,124,"2020-09-01 19:12:24",1,1320
923,115,"2020-09-01 19:12:28",1,1301
924,124,"2020-09-01 19:14:21",1,1321
925,124,"2020-09-01 19:14:47",1,1319
926,124,"2020-09-01 19:15:14",1,1322
927,124,"2020-09-01 19:15:36",1,1323
928,124,"2020-09-01 19:16:33",1,1324
929,124,"2020-09-01 19:17:41",1,1326
930,124,"2020-09-01 19:18:42",1,1325
931,124,"2020-09-01 19:19:24",1,1328
932,124,"2020-09-01 19:20:08",1,1329
933,124,"2020-09-01 19:20:57",1,1327
934,124,"2020-09-01 19:21:46",1,1331
935,124,"2020-09-01 19:22:28",1,1333
936,124,"2020-09-01 19:23:31",1,1330
937,124,"2020-09-01 19:24:42",1,1335
938,124,"2020-09-01 19:25:11",1,1336
939,124,"2020-09-01 19:25:36",1,1334
940,124,"2020-09-01 19:26:02",1,1337
941,124,"2020-09-01 19:26:33",1,1340
942,124,"2020-09-01 19:27:09",1,1349
943,124,"2020-09-01 19:27:41",1,1342
944,124,"2020-09-01 19:29:29",1,1339
945,124,"2020-09-01 19:30:10",1,1338
946,124,"2020-09-01 19:30:32",1,1348
947,124,"2020-09-01 19:31:01",1,1343
948,124,"2020-09-01 19:31:37",1,1332
949,124,"2020-09-01 19:32:04",1,1344
950,124,"2020-09-01 19:32:38",1,1345
951,124,"2020-09-01 19:33:08",1,1353
952,124,"2020-09-01 19:33:48",1,1354
953,124,"2020-09-01 19:34:16",1,1355
954,124,"2020-09-01 19:35:07",1,1347
955,124,"2020-09-01 19:36:04",1,1351
956,124,"2020-09-01 19:36:30",1,1350
957,124,"2020-09-01 19:36:52",1,1356
958,124,"2020-09-01 19:37:22",1,1360
959,124,"2020-09-01 19:38:06",1,1358
960,124,"2020-09-01 19:38:23",1,1357
961,124,"2020-09-01 20:40:11",1,1352
962,124,"2020-09-01 20:41:08",1,1359
963,124,"2020-09-01 20:41:32",1,1367
964,124,"2020-09-01 20:42:07",1,1366
965,124,"2020-09-01 20:42:43",1,1365
966,124,"2020-09-01 20:43:23",1,1368
967,124,"2020-09-01 20:43:43",1,1346
968,124,"2020-09-01 20:44:49",1,1372
969,124,"2020-09-01 20:45:09",1,1364
970,124,"2020-09-01 20:45:59",1,1369
971,124,"2020-09-01 20:46:33",1,1377
972,124,"2020-09-01 20:47:18",1,1374
973,124,"2020-09-01 20:48:10",1,1376
974,124,"2020-09-01 20:48:38",1,1375
975,124,"2020-09-01 20:49:07",1,1379
976,124,"2020-09-01 20:49:35",1,1371
977,124,"2020-09-01 20:50:11",1,1378
978,124,"2020-09-01 20:50:35",1,1380
979,124,"2020-09-01 20:51:28",1,1370
980,124,"2020-09-01 20:51:53",1,1384
981,124,"2020-09-01 21:03:04",1,1381
982,124,"2020-09-01 21:03:34",1,1363
983,124,"2020-09-01 21:03:58",1,1389
984,124,"2020-09-01 21:04:22",1,1385
985,124,"2020-09-01 21:05:18",1,1393
986,129,"2020-09-01 22:09:47",1,1299
987,117,"2020-09-01 22:11:24",1,1292
988,129,"2020-09-01 22:13:06",1,1300
989,126,"2020-09-01 22:14:26",1,1298
990,126,"2020-09-01 22:16:15",1,1294
991,126,"2020-09-01 22:17:07",1,1299
992,129,"2020-09-01 22:24:51",1,1301
993,129,"2020-09-01 22:26:57",1,1302
994,129,"2020-09-01 22:27:39",1,1303
995,129,"2020-09-01 22:28:38",1,1304
996,129,"2020-09-01 22:33:47",1,1305
997,129,"2020-09-01 22:36:02",1,1307
998,129,"2020-09-01 22:37:05",1,1308
999,129,"2020-09-01 22:38:08",1,1309
1000,129,"2020-09-01 22:39:39",1,1310
1001,129,"2020-09-01 22:40:57",1,1311
1002,111,"2020-09-01 22:42:33",1,1302
1003,111,"2020-09-01 22:43:17",1,1304
1004,111,"2020-09-01 22:44:54",1,1305
1005,129,"2020-09-01 22:50:46",1,1312
1006,129,"2020-09-01 22:51:40",1,1313
1007,129,"2020-09-01 22:52:09",1,1314
1008,129,"2020-09-01 22:54:10",1,1315
1009,129,"2020-09-01 22:55:09",1,1316
1010,129,"2020-09-01 22:58:10",1,1317
1011,129,"2020-09-01 22:59:57",1,1318
1012,129,"2020-09-01 23:00:21",1,1319
1013,129,"2020-09-01 23:00:59",1,1320
1014,129,"2020-09-01 23:01:42",1,1321
1015,129,"2020-09-01 23:02:06",1,1322
1016,129,"2020-09-01 23:02:27",1,1323
1017,129,"2020-09-01 23:04:55",1,1324
1018,129,"2020-09-01 23:06:59",1,1325
1019,129,"2020-09-01 23:07:17",1,1306
1020,129,"2020-09-01 23:07:54",1,1326
1021,129,"2020-09-01 23:08:36",1,1327
1022,129,"2020-09-01 23:09:32",1,1328
1023,129,"2020-09-01 23:10:21",1,1329
1024,129,"2020-09-01 23:11:09",1,1330
1025,129,"2020-09-01 23:12:08",1,1331
1026,129,"2020-09-01 23:12:31",1,1332
1027,135,"2020-09-02 03:55:51",1,1307
1028,135,"2020-09-02 04:05:37",1,1310
1029,135,"2020-09-02 04:13:20",1,1311
1030,138,"2020-09-02 11:27:12",1,1313
1031,138,"2020-09-02 11:30:49",1,1549
1032,138,"2020-09-02 11:32:57",1,1509
1033,124,"2020-09-02 11:39:26",1,1361
1034,124,"2020-09-02 11:40:28",1,1388
1035,124,"2020-09-02 11:41:27",1,1392
1036,124,"2020-09-02 11:41:54",1,1387
1037,124,"2020-09-02 11:42:41",1,1394
1038,124,"2020-09-02 11:43:24",1,1398
1039,124,"2020-09-02 11:43:58",1,1400
1040,124,"2020-09-02 11:44:21",1,1404
1041,124,"2020-09-02 11:44:47",1,1397
1042,124,"2020-09-02 11:45:11",1,1396
1043,124,"2020-09-02 11:46:36",1,1403
1044,124,"2020-09-02 11:47:21",1,1402
1045,124,"2020-09-02 12:07:54",1,1390
1046,124,"2020-09-02 12:08:42",1,1405
1047,124,"2020-09-02 12:09:37",1,1391
1048,124,"2020-09-02 12:10:34",1,1410
1049,124,"2020-09-02 12:11:16",1,1386
1050,124,"2020-09-02 12:11:54",1,1413
1051,124,"2020-09-02 12:12:28",1,1414
1052,124,"2020-09-02 12:12:59",1,1415
1053,124,"2020-09-02 12:13:40",1,1416
1054,124,"2020-09-02 12:13:59",1,1417
1055,124,"2020-09-02 12:14:46",1,1412
1056,124,"2020-09-02 12:15:21",1,1420
1057,124,"2020-09-02 12:16:05",1,1418
1058,124,"2020-09-02 12:16:58",1,1421
1059,124,"2020-09-02 12:17:34",1,1422
1060,117,"2020-09-02 15:41:00",1,1306
1061,116,"2020-09-02 16:07:47",1,1282
1062,116,"2020-09-02 16:09:00",1,1308
1063,116,"2020-09-02 16:10:30",1,1331
1064,116,"2020-09-02 16:13:20",1,1446
1065,116,"2020-09-02 16:15:30",1,1309
1066,116,"2020-09-02 16:16:16",1,1312
1067,116,"2020-09-02 16:20:23",1,1314
1068,116,"2020-09-02 16:21:04",1,1316
1069,116,"2020-09-02 16:22:15",1,1318
1070,116,"2020-09-02 16:22:30",1,1319
1071,116,"2020-09-02 16:23:46",1,1356
1072,116,"2020-09-02 16:25:08",1,1445
1073,116,"2020-09-02 16:27:23",1,1515
1074,116,"2020-09-02 16:29:08",1,1333
1075,116,"2020-09-02 16:30:17",1,1338
1076,116,"2020-09-02 16:31:10",1,1345
1077,116,"2020-09-02 16:32:35",1,1370
1078,124,"2020-09-02 18:55:19",1,1401
1079,124,"2020-09-02 18:56:46",1,1409
1080,124,"2020-09-02 18:57:19",1,1419
1081,124,"2020-09-02 18:57:52",1,1424
1082,124,"2020-09-02 18:58:35",1,1423
1083,124,"2020-09-02 18:59:26",1,1426
1084,124,"2020-09-02 18:59:58",1,1428
1085,141,"2020-09-02 21:26:27",1,1321
1086,140,"2020-09-02 21:34:32",1,1320
1087,135,"2020-09-02 23:31:49",1,1333
1088,135,"2020-09-02 23:32:40",1,1326
1089,135,"2020-09-02 23:35:07",1,1334
1090,135,"2020-09-03 03:02:27",1,1339
1091,143,"2020-09-03 04:12:51",1,1322
1092,131,"2020-09-03 04:26:30",1,1323
1093,131,"2020-09-03 04:27:39",1,1324
1094,131,"2020-09-03 04:28:39",1,1325
1095,131,"2020-09-03 04:29:48",1,1327
1096,131,"2020-09-03 04:31:03",1,1329
1097,124,"2020-09-03 14:20:38",1,1411
1098,124,"2020-09-03 14:21:09",1,1425
1099,124,"2020-09-03 14:21:28",1,1433
1100,124,"2020-09-03 14:21:49",1,1432
1101,124,"2020-09-03 14:22:55",1,1431
1102,124,"2020-09-03 14:23:16",1,1427
1103,124,"2020-09-03 14:23:35",1,1408
1104,124,"2020-09-03 14:23:57",1,1430
1105,124,"2020-09-03 14:24:34",1,1406
1106,124,"2020-09-03 14:25:32",1,1437
1107,124,"2020-09-03 14:26:20",1,1429
1108,124,"2020-09-03 14:26:48",1,1438
1109,124,"2020-09-03 14:27:09",1,1399
1110,124,"2020-09-03 14:29:03",1,1439
1111,124,"2020-09-03 14:30:06",1,1443
1112,124,"2020-09-03 14:30:46",1,1445
1113,124,"2020-09-03 14:31:48",1,1448
1114,124,"2020-09-03 14:32:14",1,1442
1115,124,"2020-09-03 14:33:10",1,1446
1116,124,"2020-09-03 15:04:44",1,1453
1117,124,"2020-09-03 15:05:10",1,1454
1118,124,"2020-09-03 15:05:32",1,1455
1119,124,"2020-09-03 15:06:19",1,1946
1120,124,"2020-09-03 15:07:00",1,1828
1121,115,"2020-09-03 16:16:25",1,1334
1122,115,"2020-09-03 16:19:24",1,1335
1123,115,"2020-09-03 16:27:09",1,1336
1124,115,"2020-09-03 16:29:32",1,1337
1125,115,"2020-09-03 16:31:44",1,1338
1126,115,"2020-09-03 16:32:18",1,1340
1127,115,"2020-09-03 16:38:43",1,1341
1128,115,"2020-09-03 16:44:13",1,1342
1129,115,"2020-09-03 16:45:49",1,1343
1130,135,"2020-09-03 21:50:10",1,1340
1131,135,"2020-09-03 23:35:33",1,1341
1132,135,"2020-09-03 23:39:56",1,1342
1133,135,"2020-09-03 23:42:16",1,1343
1134,135,"2020-09-04 01:03:31",1,1345
1135,135,"2020-09-04 01:04:37",1,1346
1136,135,"2020-09-04 01:08:21",1,1349
1137,124,"2020-09-04 15:31:31",1,1447
1138,124,"2020-09-04 15:32:35",1,1456
1139,124,"2020-09-04 15:33:45",1,1459
1140,124,"2020-09-04 15:34:50",1,1452
1141,148,"2020-09-04 15:53:17",1,1336
1142,148,"2020-09-04 15:53:41",1,1337
1143,148,"2020-09-04 15:54:22",1,1344
1144,148,"2020-09-04 15:55:22",1,1349
1145,148,"2020-09-04 15:56:47",1,1350
1146,148,"2020-09-04 15:58:55",1,1351
1147,148,"2020-09-04 15:59:33",1,1335
1148,124,"2020-09-04 16:00:32",1,1789
1149,148,"2020-09-04 16:01:08",1,1341
1150,124,"2020-09-04 16:01:14",1,1873
1151,148,"2020-09-04 16:01:29",1,1346
1152,124,"2020-09-04 16:01:36",1,1845
1153,148,"2020-09-04 16:01:51",1,1348
1154,148,"2020-09-04 16:02:12",1,1352
1155,124,"2020-09-04 16:02:20",1,1881
1156,124,"2020-09-04 16:02:43",1,1846
1157,124,"2020-09-04 16:03:01",1,1906
1158,124,"2020-09-04 16:03:32",1,1908
1159,148,"2020-09-04 16:03:33",1,1353
1160,124,"2020-09-04 16:03:57",1,1832
1161,148,"2020-09-04 16:04:03",1,1354
1162,124,"2020-09-04 16:04:25",1,1838
1163,124,"2020-09-04 16:04:51",1,1862
1164,124,"2020-09-04 16:05:19",1,1866
1165,148,"2020-09-04 16:05:37",1,1355
1166,124,"2020-09-04 16:05:45",1,1868
1167,124,"2020-09-04 16:06:07",1,1947
1168,124,"2020-09-04 16:06:27",1,1938
1169,124,"2020-09-04 16:06:48",1,1861
1170,124,"2020-09-04 16:07:09",1,1816
1171,124,"2020-09-04 16:07:33",1,1860
1172,135,"2020-09-04 23:59:41",1,1354
1173,135,"2020-09-05 00:04:34",1,1355
1174,135,"2020-09-05 00:06:40",1,1356
1175,135,"2020-09-05 00:13:38",1,1358
1176,115,"2020-09-06 16:11:06",1,1511
1177,115,"2020-09-06 16:11:45",1,1512
1178,115,"2020-09-06 16:12:19",1,1513
1179,115,"2020-09-06 16:15:19",1,1344
1180,115,"2020-09-06 16:21:30",1,1351
1181,115,"2020-09-06 16:24:01",1,1352
1182,115,"2020-09-06 16:24:26",1,1357
1183,115,"2020-09-06 16:28:47",1,1358
1184,115,"2020-09-06 16:30:43",1,1359
1185,152,"2020-09-08 17:27:10",1,1357
1186,135,"2020-09-10 00:30:29",1,1361
1187,153,"2020-09-10 18:24:25",1,1367
1188,155,"2020-09-10 20:45:49",1,1949
1189,135,"2020-09-10 23:28:48",1,1368
1190,135,"2020-09-11 17:59:50",1,1362
1191,135,"2020-09-11 18:06:39",1,1367
1192,135,"2020-09-11 18:11:11",1,1371
1193,115,"2020-09-11 19:10:06",1,1360
1194,115,"2020-09-11 19:11:19",1,1361
1195,115,"2020-09-11 19:25:58",1,1362
1196,115,"2020-09-11 19:29:18",1,1363
1197,115,"2020-09-11 19:31:26",1,1364
1198,115,"2020-09-11 19:33:30",1,1365
1199,115,"2020-09-11 19:34:33",1,1366
1200,115,"2020-09-11 19:38:05",1,1368
1201,115,"2020-09-11 19:39:45",1,1369
1202,115,"2020-09-11 19:42:28",1,1371
1203,115,"2020-09-11 19:45:49",1,1372
1204,148,"2020-09-14 14:32:39",1,1360
1205,148,"2020-09-14 14:32:56",1,1362
1206,148,"2020-09-14 14:37:20",1,1363
1207,148,"2020-09-14 14:38:13",1,1364
1208,148,"2020-09-14 14:38:50",1,1366
1209,148,"2020-09-14 14:40:59",1,1369
1210,148,"2020-09-14 14:43:38",1,1372
1211,148,"2020-09-14 14:45:09",1,1373
1212,148,"2020-09-14 14:46:58",1,1374
1213,148,"2020-09-14 14:49:08",1,1375
1214,148,"2020-09-14 14:53:41",1,1376
1215,148,"2020-09-14 14:55:22",1,1377
1216,148,"2020-09-14 14:56:49",1,1378
1217,148,"2020-09-14 14:57:59",1,1379
1218,148,"2020-09-14 14:58:58",1,1380
1219,115,"2020-09-14 19:07:32",1,1373
1220,115,"2020-09-14 19:13:58",1,1374
1221,115,"2020-09-14 19:18:22",1,1376
1222,111,"2020-09-15 14:05:37",1,1382
1223,111,"2020-09-15 14:06:01",1,1381
1224,111,"2020-09-15 14:07:40",1,1384
1225,135,"2020-09-15 22:40:44",1,1382
1226,135,"2020-09-16 03:14:21",1,1509
1227,135,"2020-09-16 03:16:03",1,1505
1228,135,"2020-09-16 03:17:07",1,1504
1229,135,"2020-09-16 22:23:10",1,1381
1230,135,"2020-09-16 22:27:42",1,1391
1231,135,"2020-09-16 22:37:22",1,1393
1232,135,"2020-09-16 22:40:07",1,1429
1233,135,"2020-09-16 22:43:43",1,1446
1234,135,"2020-09-17 22:40:56",1,1377
1235,135,"2020-09-17 22:42:34",1,1379
1236,135,"2020-09-17 22:45:20",1,1508
1237,135,"2020-09-17 22:47:16",1,1502
1238,135,"2020-09-17 22:52:48",1,1501
1239,135,"2020-09-17 22:54:18",1,1503
1240,135,"2020-09-17 22:54:52",1,1500
1241,135,"2020-09-17 23:02:51",1,1493
1242,135,"2020-09-17 23:50:07",1,1492
1243,135,"2020-09-18 00:00:27",1,1491
1244,124,"2020-09-18 13:25:25",1,1450
1245,124,"2020-09-18 13:26:22",1,1451
1246,124,"2020-09-18 13:27:06",1,1460
1247,124,"2020-09-18 13:28:18",1,1462
1248,124,"2020-09-18 13:39:38",1,1444
1249,124,"2020-09-18 13:41:21",1,1464
1250,124,"2020-09-18 13:42:02",1,1465
1251,124,"2020-09-18 13:44:00",1,1463
1252,124,"2020-09-18 13:46:07",1,1461
1253,124,"2020-09-18 13:46:27",1,1461
1254,124,"2020-09-18 13:50:13",1,1470
1255,124,"2020-09-18 13:51:16",1,1472
1256,124,"2020-09-18 13:52:51",1,1649
1257,124,"2020-09-18 13:54:18",1,1701
1258,124,"2020-09-18 13:54:51",1,1538
1259,124,"2020-09-18 13:55:27",1,1694
1260,124,"2020-09-18 13:55:57",1,1750
1261,124,"2020-09-18 13:56:28",1,1624
1262,124,"2020-09-18 13:57:35",1,1516
1263,124,"2020-09-18 13:57:53",1,1522
1264,124,"2020-09-18 13:58:27",1,1499
1265,124,"2020-09-18 13:59:33",1,1502
1266,124,"2020-09-18 13:59:53",1,1524
1267,124,"2020-09-18 14:00:12",1,1546
1268,124,"2020-09-18 14:00:46",1,1467
1269,124,"2020-09-18 14:01:17",1,1501
1270,124,"2020-09-18 14:01:50",1,1515
1271,124,"2020-09-18 14:02:11",1,1498
1272,124,"2020-09-18 14:02:31",1,1531
1273,124,"2020-09-18 14:03:16",1,1492
1274,124,"2020-09-18 14:03:51",1,1473
1275,124,"2020-09-18 14:04:10",1,1521
1276,124,"2020-09-18 14:04:41",1,1533
1277,124,"2020-09-18 14:04:59",1,1513
1278,124,"2020-09-18 14:05:31",1,1471
1279,124,"2020-09-18 14:06:46",1,1476
1280,124,"2020-09-18 14:07:09",1,1519
1281,124,"2020-09-18 14:07:40",1,1474
1282,124,"2020-09-18 14:08:04",1,1475
1283,124,"2020-09-18 14:08:37",1,1477
1284,124,"2020-09-18 14:09:02",1,1478
1285,124,"2020-09-18 14:09:34",1,1479
1286,124,"2020-09-18 14:09:59",1,1469
1287,124,"2020-09-18 14:11:50",1,1482
1288,124,"2020-09-18 14:12:36",1,1481
1289,124,"2020-09-18 14:13:04",1,1484
1290,124,"2020-09-18 14:13:27",1,1483
1291,124,"2020-09-18 14:14:02",1,1485
1292,124,"2020-09-18 14:15:09",1,1487
1293,111,"2020-09-18 19:40:34",1,1393
1294,135,"2020-09-22 23:58:20",1,1506
1295,135,"2020-09-23 00:04:19",1,1952
1296,135,"2020-09-23 00:05:45",1,1950
1297,135,"2020-09-23 00:07:08",1,1948
1298,135,"2020-09-23 00:08:37",1,1949
1299,135,"2020-09-23 00:15:48",1,1499
1300,162,"2020-09-24 16:46:44",1,1380
1301,162,"2020-09-24 16:52:20",1,1382
1302,163,"2020-09-25 21:20:32",1,1383
1303,163,"2020-09-25 21:23:54",1,1385
1304,163,"2020-09-25 21:24:57",1,1386
1305,163,"2020-09-25 21:28:22",1,1387
1306,163,"2020-09-25 21:29:21",1,1388
1307,163,"2020-09-25 21:30:02",1,1389
1308,163,"2020-09-25 21:31:36",1,1390
1309,163,"2020-09-25 21:33:01",1,1391
1310,163,"2020-09-25 21:34:30",1,1392
1311,126,"2020-09-26 10:58:52",1,1383
1312,126,"2020-09-26 11:05:09",1,1386
1313,126,"2020-09-26 11:06:15",1,1387
1314,126,"2020-09-26 11:10:34",1,1443
1315,126,"2020-09-26 11:14:17",1,1434
1316,115,"2020-09-27 18:40:07",1,1383
1317,115,"2020-09-27 18:42:12",1,1385
1318,115,"2020-09-27 18:46:01",1,1388
1319,115,"2020-09-27 18:51:07",1,1389
1320,115,"2020-09-27 18:52:06",1,1390
1321,115,"2020-09-27 18:52:33",1,1392
1322,148,"2020-09-28 14:57:07",1,1394
1323,148,"2020-09-28 14:57:27",1,1395
1324,148,"2020-09-28 14:57:46",1,1396
1325,148,"2020-09-28 14:57:58",1,1397
1326,148,"2020-09-28 14:58:18",1,1398
1327,148,"2020-09-28 14:58:35",1,1399
1328,148,"2020-09-28 14:58:49",1,1400
1329,148,"2020-09-28 15:00:25",1,1401
1330,148,"2020-09-28 15:01:12",1,1402
1331,148,"2020-09-28 15:03:35",1,1403
1332,148,"2020-09-28 15:05:05",1,1404
1333,148,"2020-09-28 15:05:58",1,1405
1334,148,"2020-09-28 15:08:03",1,1407
1335,148,"2020-09-28 15:13:09",1,1406
1336,148,"2020-09-28 15:13:43",1,1408
1337,148,"2020-09-28 15:16:11",1,1409
1338,148,"2020-09-28 15:18:21",1,1410
1339,148,"2020-09-28 15:18:59",1,1411
1340,148,"2020-09-28 15:20:50",1,1412
1341,135,"2020-09-28 21:39:10",1,1395
1342,135,"2020-09-28 21:50:19",1,1497
1343,135,"2020-09-30 20:42:02",1,1490
1344,135,"2020-09-30 20:43:44",1,1496
1345,135,"2020-09-30 23:27:30",1,1482
1346,135,"2020-10-01 23:10:07",1,1484
1347,135,"2020-10-01 23:11:05",1,1394
1348,135,"2020-10-01 23:11:18",1,1396
1349,135,"2020-10-01 23:11:39",1,1397
1350,135,"2020-10-01 23:12:05",1,1398
1351,135,"2020-10-01 23:12:44",1,1399
1352,115,"2020-10-07 03:12:11",1,1402
1353,115,"2020-10-07 03:16:26",1,1403
1354,115,"2020-10-07 03:19:27",1,1404
1355,115,"2020-10-07 03:20:09",1,1405
1356,115,"2020-10-07 03:25:03",1,1407
1357,167,"2020-11-19 00:34:23",1,1409
1358,167,"2020-11-19 00:36:03",1,1413
1359,167,"2020-11-19 00:39:10",1,1426
1360,115,"2020-11-19 22:01:16",1,1395
1361,115,"2020-11-19 22:01:38",1,1400
1362,115,"2020-11-19 22:02:54",1,1406
1363,115,"2020-11-19 22:04:25",1,1408
1364,115,"2020-11-19 22:10:29",1,1410
1365,115,"2020-11-19 22:11:30",1,1411
1366,115,"2020-11-19 22:13:21",1,1412
1367,115,"2020-11-19 22:31:35",1,1413
1368,115,"2020-11-19 22:32:21",1,1414
1369,115,"2020-11-19 22:32:38",1,1415
1370,115,"2020-11-19 22:33:26",1,1416
1371,115,"2020-11-19 22:33:42",1,1417
1372,115,"2020-11-19 22:34:11",1,1418
1373,115,"2020-12-25 20:15:32",1,1419
1374,115,"2020-12-25 20:17:53",1,1420
1375,115,"2020-12-25 20:20:49",1,1421
1376,115,"2020-12-25 20:21:38",1,1422
1377,115,"2020-12-25 20:23:24",1,1423
1378,115,"2020-12-25 20:23:57",1,1424
1379,115,"2020-12-25 20:24:45",1,1425
1380,115,"2020-12-25 20:26:04",1,1427
1381,115,"2020-12-25 20:28:22",1,1428
1382,115,"2020-12-25 20:29:34",1,1429
1383,115,"2020-12-25 20:30:22",1,1430
1384,115,"2020-12-25 20:32:50",1,1431
1385,115,"2020-12-25 20:33:24",1,1432
1386,115,"2020-12-25 20:33:57",1,1433
1387,115,"2020-12-25 20:34:34",1,1434
1388,115,"2020-12-25 20:37:33",1,1435
1389,115,"2021-01-22 21:39:10",1,1436
1390,115,"2021-01-22 21:40:48",1,1437
1391,115,"2021-01-22 21:42:24",1,1439
1392,115,"2021-01-22 21:44:01",1,1438
1393,115,"2021-01-22 21:45:17",1,1440
1394,115,"2021-01-22 21:47:48",1,1441
1395,115,"2021-01-22 21:49:31",1,1442
1396,115,"2021-01-22 21:50:05",1,1443
1397,115,"2021-03-18 23:38:00",1,1448
1398,111,"2021-03-30 18:10:33",1,1415
1399,111,"2021-03-30 18:12:44",1,1511
1400,115,"2021-04-21 20:50:47",1,1444
1401,115,"2021-04-21 20:54:42",1,1445
1402,115,"2021-04-21 21:05:04",1,1447
1403,115,"2021-04-21 21:07:30",1,1449
1404,172,"2021-04-28 18:28:46",1,1414
1405,175,"2021-04-29 07:13:01",1,1416
1406,175,"2021-04-29 07:14:35",1,1422
1407,174,"2021-04-29 17:25:08",1,1451
1408,174,"2021-04-29 17:26:26",1,1920
1409,178,"2021-04-29 17:28:11",1,1420
1410,174,"2021-04-29 17:28:27",1,1499
1411,174,"2021-04-29 17:29:36",1,1685
1412,174,"2021-04-29 17:30:28",1,1407
1413,174,"2021-04-29 17:32:12",1,1467
1414,174,"2021-04-29 17:34:04",1,1418
1415,174,"2021-04-29 17:35:15",1,1557
1416,174,"2021-04-29 17:35:54",1,1748
1417,174,"2021-04-29 17:36:41",1,1425
1418,174,"2021-04-29 17:37:42",1,1696
1419,174,"2021-04-29 17:38:37",1,1439
1420,179,"2021-04-29 17:40:23",1,1675
1421,174,"2021-04-29 17:40:58",1,1417
1422,174,"2021-04-29 17:41:28",1,1419
1423,174,"2021-04-29 17:42:29",1,1421
1424,174,"2021-04-29 17:43:14",1,1423
1425,174,"2021-04-29 17:43:35",1,1424
1426,174,"2021-04-29 17:44:16",1,1427
1427,174,"2021-04-29 17:44:58",1,1430
1428,174,"2021-04-29 17:45:45",1,1431
1429,177,"2021-04-29 17:45:46",1,1952
1430,174,"2021-04-29 17:46:14",1,1432
1431,174,"2021-04-29 17:46:37",1,1433
1432,174,"2021-04-29 17:47:12",1,1440
1433,177,"2021-04-29 17:47:20",1,1432
1434,174,"2021-04-29 17:47:43",1,1444
1435,174,"2021-04-29 17:48:31",1,1459
1436,174,"2021-04-29 17:49:21",1,1771
1437,179,"2021-04-29 17:49:35",1,1427
1438,174,"2021-04-29 17:50:39",1,1764
1439,170,"2021-04-29 17:51:07",1,1433
1440,174,"2021-04-29 17:58:39",1,1854
1441,179,"2021-04-29 18:03:19",1,1436
1442,179,"2021-04-29 18:05:01",1,1555
1443,170,"2021-04-29 18:05:14",1,1436
1444,170,"2021-04-29 18:06:22",1,1438
1445,174,"2021-04-29 18:06:24",1,1870
1446,170,"2021-04-29 18:06:59",1,1435
1447,170,"2021-04-29 18:07:49",1,1437
1448,174,"2021-04-29 18:08:26",1,1894
1449,179,"2021-04-29 18:08:26",1,1506
1450,170,"2021-04-29 18:08:28",1,1951
1451,174,"2021-04-29 18:08:56",1,1452
1452,170,"2021-04-29 18:09:01",1,1634
1453,170,"2021-04-29 18:09:40",1,1451
1454,174,"2021-04-29 18:10:03",1,1747
1455,179,"2021-04-29 18:11:10",1,1441
1456,174,"2021-04-29 18:11:23",1,1841
1457,179,"2021-04-29 18:15:32",1,1808
1458,179,"2021-04-29 18:16:36",1,1942
1459,179,"2021-04-29 18:20:56",1,1890
1460,174,"2021-04-29 18:26:51",1,1743
1461,174,"2021-04-29 18:28:13",1,1873
1462,179,"2021-04-29 18:28:36",1,1464
1463,174,"2021-04-29 18:30:52",1,1754
1464,174,"2021-04-29 18:33:25",1,1619
1465,174,"2021-04-29 18:34:11",1,1458
1466,174,"2021-04-29 18:37:56",1,1460
1467,174,"2021-04-29 18:42:58",1,1778
1468,174,"2021-04-29 18:46:05",1,1784
1469,174,"2021-04-29 18:48:11",1,1922
1470,174,"2021-04-29 18:49:08",1,1727
1471,174,"2021-04-29 18:51:05",1,1944
1472,174,"2021-04-29 18:53:42",1,1665
1473,174,"2021-04-29 18:55:25",1,1790
1474,174,"2021-04-29 18:56:59",1,1780
1475,174,"2021-04-29 18:59:11",1,1798
1476,174,"2021-04-29 19:03:46",1,1763
1477,174,"2021-04-30 03:05:43",1,1781
1478,174,"2021-04-30 04:04:16",1,1785
1479,174,"2021-04-30 04:04:37",1,1857
1480,174,"2021-04-30 06:02:32",1,1829
1481,181,"2021-05-03 06:38:20",1,1468
1482,181,"2021-05-03 06:55:48",1,1461
1483,171,"2021-05-03 20:17:13",1,1435
1484,171,"2021-05-03 23:12:02",1,1440
1485,174,"2021-05-04 02:36:52",1,1626
1486,174,"2021-05-04 02:37:12",1,1814
1487,174,"2021-05-04 02:37:43",1,1774
1488,174,"2021-05-04 02:38:05",1,1921
1489,174,"2021-05-04 02:38:30",1,1930
1490,174,"2021-05-04 02:39:03",1,1802
1491,174,"2021-05-04 02:39:26",1,1909
1492,174,"2021-05-04 02:39:46",1,1923
1493,174,"2021-05-04 02:40:06",1,1806
1494,174,"2021-05-04 02:40:27",1,1940
1495,174,"2021-05-04 02:40:48",1,1942
1496,174,"2021-05-04 02:41:11",1,1819
1497,174,"2021-05-04 02:41:37",1,1783
1498,174,"2021-05-04 02:42:00",1,1939
1499,174,"2021-05-04 02:42:21",1,1945
1500,174,"2021-05-04 02:42:44",1,1941
1501,174,"2021-05-04 02:43:08",1,1817
1502,174,"2021-05-04 02:43:32",1,1888
1503,174,"2021-05-04 02:43:51",1,1718
1504,174,"2021-05-04 02:44:09",1,1847
1505,174,"2021-05-04 04:09:15",1,1844
1506,174,"2021-05-04 04:14:52",1,1824
1507,174,"2021-05-04 04:16:17",1,1807
1508,174,"2021-05-04 04:17:54",1,1768
1509,174,"2021-05-04 04:18:18",1,1862
1510,174,"2021-05-04 04:19:40",1,1867
1511,174,"2021-05-04 04:20:06",1,1834
1512,174,"2021-05-04 04:20:33",1,1937
1513,174,"2021-05-04 04:21:41",1,1946
1514,174,"2021-05-04 04:23:46",1,1900
1515,174,"2021-05-04 04:26:48",1,1750
1516,174,"2021-05-04 04:27:47",1,1825
1517,174,"2021-05-04 04:28:04",1,1902
1518,174,"2021-05-04 04:28:31",1,1804
1519,174,"2021-05-04 04:28:53",1,1903
1520,174,"2021-05-04 04:29:57",1,1879
1521,174,"2021-05-04 04:30:18",1,1818
1522,174,"2021-05-04 04:30:36",1,1884
1523,174,"2021-05-04 04:30:55",1,1874
1524,174,"2021-05-04 04:31:14",1,1936
1525,174,"2021-05-04 04:31:35",1,1935
1526,174,"2021-05-04 04:31:54",1,1932
1527,174,"2021-05-04 04:35:19",1,1821
1528,174,"2021-05-04 04:35:40",1,1799
1529,174,"2021-05-04 04:36:00",1,1516
1530,174,"2021-05-04 04:36:16",1,1761
1531,174,"2021-05-04 04:36:33",1,1929
1532,174,"2021-05-04 04:37:05",1,1919
1533,174,"2021-05-04 04:37:22",1,1928
1534,174,"2021-05-04 04:37:39",1,1931
1535,174,"2021-05-04 04:37:55",1,1927
1536,174,"2021-05-04 04:38:57",1,1934
1537,174,"2021-05-04 04:39:17",1,1924
1538,174,"2021-05-04 04:39:37",1,1728
1539,174,"2021-05-04 04:39:57",1,1793
1540,174,"2021-05-04 04:40:13",1,1863
1541,174,"2021-05-04 04:40:46",1,1823
1542,174,"2021-05-04 04:41:09",1,1441
1543,174,"2021-05-04 04:42:46",1,1885
1544,181,"2021-05-04 07:11:44",1,1493
1545,181,"2021-05-04 07:17:03",1,1470
1546,181,"2021-05-04 07:26:20",1,1466
1547,178,"2021-05-04 16:56:08",1,1936
1548,177,"2021-05-04 16:58:35",1,1442
1549,178,"2021-05-04 17:01:56",1,1702
1550,177,"2021-05-04 17:07:56",1,1448
1551,178,"2021-05-04 17:07:57",1,1460
1552,177,"2021-05-04 17:08:26",1,1447
1553,177,"2021-05-04 17:09:03",1,1449
1554,177,"2021-05-04 17:10:23",1,1450
1555,177,"2021-05-04 17:11:29",1,1452
1556,177,"2021-05-04 17:12:41",1,1453
1557,170,"2021-05-04 17:13:18",1,1944
1558,170,"2021-05-04 17:14:36",1,1546
1559,179,"2021-05-04 17:14:54",1,1447
1560,177,"2021-05-04 17:14:59",1,1454
1561,177,"2021-05-04 17:15:38",1,1455
1562,170,"2021-05-04 17:16:00",1,1454
1563,177,"2021-05-04 17:16:22",1,1456
1564,170,"2021-05-04 17:17:10",1,1459
1565,177,"2021-05-04 17:17:26",1,1457
1566,177,"2021-05-04 17:18:13",1,1458
1567,170,"2021-05-04 17:19:26",1,1458
1568,179,"2021-05-04 17:20:41",1,1449
1569,179,"2021-05-04 17:21:28",1,1450
1570,170,"2021-05-04 17:22:31",1,1462
1571,182,"2021-05-04 17:26:13",1,1450
1572,177,"2021-05-04 17:26:20",1,1462
1573,177,"2021-05-04 17:27:52",1,1463
1574,179,"2021-05-04 17:27:56",1,1453
1575,174,"2021-05-04 17:28:18",1,1734
1576,179,"2021-05-04 17:28:23",1,1455
1577,179,"2021-05-04 17:29:00",1,1456
1578,177,"2021-05-04 17:29:01",1,1464
1579,177,"2021-05-04 17:29:56",1,1465
1580,179,"2021-05-04 17:30:23",1,1457
1581,179,"2021-05-04 17:30:59",1,1465
1582,177,"2021-05-04 17:31:03",1,1466
1583,174,"2021-05-04 17:32:05",1,1756
1584,177,"2021-05-04 17:33:06",1,1467
1585,182,"2021-05-04 17:33:06",1,1476
1586,177,"2021-05-04 17:33:20",1,1468
1587,177,"2021-05-04 17:34:11",1,1469
1588,179,"2021-05-04 17:34:38",1,1466
1589,179,"2021-05-04 17:35:17",1,1468
1590,179,"2021-05-04 17:36:14",1,1469
1591,177,"2021-05-04 17:38:29",1,1470
1592,177,"2021-05-04 17:38:42",1,1471
1593,174,"2021-05-04 17:39:22",1,1877
1594,177,"2021-05-04 17:41:31",1,1472
1595,177,"2021-05-04 17:41:40",1,1473
1596,177,"2021-05-04 17:42:12",1,1474
1597,177,"2021-05-04 17:43:15",1,1475
1598,177,"2021-05-04 17:43:25",1,1477
1599,174,"2021-05-04 17:43:29",1,1811
1600,177,"2021-05-04 17:43:42",1,1478
1601,182,"2021-05-04 17:44:54",1,1481
1602,177,"2021-05-04 17:45:30",1,1479
1603,172,"2021-05-04 17:45:59",1,1449
1604,177,"2021-05-04 17:46:17",1,1480
1605,174,"2021-05-04 17:46:51",1,1836
1606,182,"2021-05-04 17:47:31",1,1493
1607,177,"2021-05-04 17:49:16",1,1481
1608,174,"2021-05-04 17:49:20",1,1880
1609,182,"2021-05-04 17:49:39",1,1480
1610,172,"2021-05-04 17:50:17",1,1457
1611,177,"2021-05-04 17:50:35",1,1482
1612,172,"2021-05-04 17:50:57",1,1471
1613,174,"2021-05-04 17:53:08",1,1933
1614,177,"2021-05-04 17:53:44",1,1483
1615,174,"2021-05-04 17:54:11",1,1853
1616,177,"2021-05-04 17:54:14",1,1484
1617,177,"2021-05-04 17:54:24",1,1485
1618,174,"2021-05-04 17:54:25",1,1938
1619,174,"2021-05-04 17:54:41",1,1926
1620,177,"2021-05-04 17:54:42",1,1486
1621,177,"2021-05-04 17:54:56",1,1487
1622,174,"2021-05-04 17:54:57",1,1925
1623,177,"2021-05-04 17:55:07",1,1488
1624,174,"2021-05-04 17:55:11",1,1915
1625,177,"2021-05-04 17:56:53",1,1489
1626,182,"2021-05-04 17:58:00",1,1492
1627,177,"2021-05-04 17:59:16",1,1490
1628,174,"2021-05-04 17:59:20",1,1917
1629,174,"2021-05-04 17:59:45",1,1827
1630,179,"2021-05-04 17:59:57",1,1470
1631,174,"2021-05-04 18:00:01",1,1872
1632,177,"2021-05-04 18:00:05",1,1491
1633,174,"2021-05-04 18:01:35",1,1881
1634,182,"2021-05-04 18:01:38",1,1690
1635,182,"2021-05-04 18:02:12",1,1916
1636,174,"2021-05-04 18:03:04",1,1744
1637,174,"2021-05-04 18:03:22",1,1947
1638,182,"2021-05-04 18:04:06",1,1511
1639,177,"2021-05-04 18:04:16",1,1494
1640,174,"2021-05-04 18:04:24",1,1861
1641,177,"2021-05-04 18:05:13",1,1495
1642,177,"2021-05-04 18:06:00",1,1496
1643,177,"2021-05-04 18:06:27",1,1497
1644,174,"2021-05-04 18:06:33",1,1948
1645,174,"2021-05-04 18:07:57",1,1860
1646,177,"2021-05-04 18:08:21",1,1498
1647,177,"2021-05-04 18:08:50",1,1500
1648,172,"2021-05-04 18:09:14",1,1472
1649,177,"2021-05-04 18:09:18",1,1501
1650,177,"2021-05-04 18:09:39",1,1502
1651,172,"2021-05-04 18:10:19",1,1473
1652,174,"2021-05-04 18:10:22",1,1914
1653,179,"2021-05-04 18:11:09",1,1472
1654,172,"2021-05-04 18:12:32",1,1474
1655,177,"2021-05-04 18:12:45",1,1503
1656,177,"2021-05-04 18:13:03",1,1504
1657,182,"2021-05-04 18:16:03",1,1519
1658,174,"2021-05-04 18:16:28",1,1913
1659,174,"2021-05-04 18:16:48",1,1808
1660,174,"2021-05-04 18:18:14",1,1767
1661,182,"2021-05-04 18:19:31",1,1475
1662,179,"2021-05-04 18:19:42",1,1474
1663,182,"2021-05-04 18:20:20",1,1478
1664,179,"2021-05-04 18:20:35",1,1477
1665,174,"2021-05-04 18:22:44",1,1791
1666,179,"2021-05-04 18:23:10",1,1479
1667,174,"2021-05-04 18:23:29",1,1866
1668,179,"2021-05-04 18:23:37",1,1480
1669,182,"2021-05-04 18:23:56",1,1487
1670,174,"2021-05-04 18:24:00",1,1869
1671,174,"2021-05-04 18:25:10",1,1891
1672,174,"2021-05-04 18:26:29",1,1910
1673,174,"2021-05-04 18:26:46",1,1835
1674,174,"2021-05-04 18:27:05",1,1852
1675,174,"2021-05-04 18:27:26",1,1882
1676,174,"2021-05-04 18:29:39",1,1868
1677,172,"2021-05-04 18:29:55",1,1475
1678,172,"2021-05-04 18:30:57",1,1483
1679,172,"2021-05-04 18:31:42",1,1485
1680,172,"2021-05-04 18:32:13",1,1486
1681,172,"2021-05-04 18:32:52",1,1488
1682,179,"2021-05-04 18:32:55",1,1483
1683,178,"2021-05-04 18:33:29",1,1485
1684,179,"2021-05-04 18:33:41",1,1486
1685,179,"2021-05-04 18:35:13",1,1488
1686,179,"2021-05-04 18:36:28",1,1489
1687,179,"2021-05-04 18:37:09",1,1491
1688,179,"2021-05-04 18:38:02",1,1490
1689,178,"2021-05-04 18:39:40",1,1844
1690,179,"2021-05-04 19:11:07",1,1494
1691,179,"2021-05-04 19:17:59",1,1495
1692,179,"2021-05-04 19:18:31",1,1496
1693,179,"2021-05-04 19:21:39",1,1497
1694,179,"2021-05-04 19:27:45",1,1500
1695,179,"2021-05-04 19:28:47",1,1503
1696,179,"2021-05-04 19:32:38",1,1505
1697,174,"2021-05-05 03:31:54",1,1740
1698,174,"2021-05-05 03:45:33",1,1828
1699,174,"2021-05-05 04:19:06",1,1739
1700,174,"2021-05-05 04:20:20",1,1837
1701,174,"2021-05-05 04:21:28",1,1810
1702,174,"2021-05-05 04:22:43",1,1851
1703,174,"2021-05-05 04:23:44",1,1912
1704,174,"2021-05-05 04:41:39",1,1714
1705,174,"2021-05-05 04:49:07",1,1943
1706,174,"2021-05-05 04:51:17",1,1622
1707,174,"2021-05-05 04:53:50",1,1846
1708,174,"2021-05-05 04:56:05",1,1795
1709,174,"2021-05-05 04:56:49",1,1949
1710,174,"2021-05-05 04:59:10",1,1908
1711,174,"2021-05-05 04:59:39",1,1788
1712,174,"2021-05-05 05:00:01",1,1876
1713,174,"2021-05-05 05:03:09",1,1905
1714,174,"2021-05-05 05:06:34",1,1830
1715,174,"2021-05-05 05:10:00",1,1906
1716,174,"2021-05-05 05:10:43",1,1901
1717,174,"2021-05-05 05:13:35",1,1715
1718,174,"2021-05-05 05:46:53",1,1916
1719,174,"2021-05-05 05:47:18",1,1898
1720,174,"2021-05-05 05:47:36",1,1907
1721,174,"2021-05-05 05:47:51",1,1896
1722,174,"2021-05-05 05:48:22",1,1875
1723,174,"2021-05-05 05:48:39",1,1895
1724,174,"2021-05-05 05:49:06",1,1893
1725,174,"2021-05-05 05:49:29",1,1883
1726,174,"2021-05-05 05:49:48",1,1899
1727,174,"2021-05-05 05:50:05",1,1911
1728,174,"2021-05-05 05:50:24",1,1890
1729,174,"2021-05-05 05:50:43",1,1904
1730,174,"2021-05-05 05:51:00",1,1897
1731,174,"2021-05-05 05:51:15",1,1887
1732,174,"2021-05-05 05:51:42",1,1855
1733,174,"2021-05-05 05:52:00",1,1779
1734,174,"2021-05-05 05:52:17",1,1859
1735,174,"2021-05-05 05:52:33",1,1842
1736,174,"2021-05-05 05:53:13",1,1871
1737,174,"2021-05-05 05:53:34",1,1878
1738,174,"2021-05-05 05:53:50",1,1769
1739,174,"2021-05-05 05:54:09",1,1738
1740,174,"2021-05-05 05:54:38",1,1494
1741,174,"2021-05-05 05:54:56",1,1865
1742,174,"2021-05-05 05:55:11",1,1886
1743,174,"2021-05-05 05:55:26",1,1848
1744,174,"2021-05-05 05:55:49",1,1726
1745,174,"2021-05-05 05:56:40",1,1801
1746,174,"2021-05-05 05:57:02",1,1864
1747,174,"2021-05-05 05:57:22",1,1796
1748,174,"2021-05-05 05:57:39",1,1849
1749,174,"2021-05-05 05:57:54",1,1757
1750,174,"2021-05-05 05:58:09",1,1850
1751,174,"2021-05-05 05:58:27",1,1843
1752,174,"2021-05-05 05:58:45",1,1812
1753,174,"2021-05-05 05:59:10",1,1889
1754,174,"2021-05-05 05:59:33",1,1813
1755,174,"2021-05-05 05:59:48",1,1856
1756,174,"2021-05-05 06:00:09",1,1786
1757,174,"2021-05-05 06:01:06",1,1838
1758,174,"2021-05-05 06:01:23",1,1745
1759,174,"2021-05-05 06:01:39",1,1722
1760,174,"2021-05-05 06:01:57",1,1839
1761,174,"2021-05-05 06:02:14",1,1831
1762,174,"2021-05-05 06:02:28",1,1822
1763,174,"2021-05-05 06:02:43",1,1816
1764,174,"2021-05-05 06:03:02",1,1820
1765,174,"2021-05-05 06:03:56",1,1815
1766,174,"2021-05-05 06:04:12",1,1845
1767,174,"2021-05-05 06:04:43",1,1826
1768,174,"2021-05-05 06:05:10",1,1809
1769,174,"2021-05-05 06:05:29",1,1729
1770,174,"2021-05-05 06:05:51",1,1730
1771,174,"2021-05-05 06:06:08",1,1731
1772,174,"2021-05-05 06:06:24",1,1803
1773,174,"2021-05-05 06:06:38",1,1797
1774,174,"2021-05-05 06:07:10",1,1832
1775,174,"2021-05-05 06:07:27",1,1800
1776,174,"2021-05-05 06:07:44",1,1805
1777,174,"2021-05-05 06:07:58",1,1794
1778,174,"2021-05-05 06:08:13",1,1735
1779,174,"2021-05-05 06:08:28",1,1759
1780,174,"2021-05-05 06:08:44",1,1766
1781,174,"2021-05-05 06:09:13",1,1858
1782,174,"2021-05-05 06:09:27",1,1789
1783,174,"2021-05-05 06:09:45",1,1777
1784,174,"2021-05-05 06:09:59",1,1770
1785,174,"2021-05-05 06:10:27",1,1776
1786,174,"2021-05-05 06:11:24",1,1773
1787,174,"2021-05-05 06:12:18",1,1688
1788,174,"2021-05-05 06:12:34",1,1787
1789,174,"2021-05-05 06:12:57",1,1717
1790,174,"2021-05-05 06:13:14",1,1772
1791,174,"2021-05-05 06:13:38",1,1892
1792,174,"2021-05-05 06:14:01",1,1782
1793,174,"2021-05-05 06:14:21",1,1749
1794,174,"2021-05-05 06:14:35",1,1762
1795,174,"2021-05-05 06:14:52",1,1765
1796,174,"2021-05-05 06:15:08",1,1775
1797,174,"2021-05-05 06:15:33",1,1697
1798,174,"2021-05-05 06:15:55",1,1755
1799,174,"2021-05-05 06:16:10",1,1758
1800,174,"2021-05-05 06:16:25",1,1752
1801,174,"2021-05-05 06:16:43",1,1753
1802,174,"2021-05-05 06:17:00",1,1751
1803,174,"2021-05-05 06:17:16",1,1737
1804,174,"2021-05-05 06:17:33",1,1760
1805,174,"2021-05-05 06:17:49",1,1742
1806,174,"2021-05-05 06:18:06",1,1741
1807,174,"2021-05-05 06:18:24",1,1736
1808,174,"2021-05-05 06:18:42",1,1522
1809,174,"2021-05-05 06:19:04",1,1664
1810,174,"2021-05-05 06:19:33",1,1704
1811,174,"2021-05-05 06:19:51",1,1746
1812,174,"2021-05-05 06:20:07",1,1833
1813,174,"2021-05-05 06:20:46",1,1719
1814,174,"2021-05-05 06:21:02",1,1840
1815,174,"2021-05-05 06:21:16",1,1720
1816,174,"2021-05-05 06:21:36",1,1918
1817,182,"2021-05-05 17:08:35",1,1489
1818,182,"2021-05-05 17:14:35",1,1495
1819,177,"2021-05-05 17:19:46",1,1505
1820,182,"2021-05-05 17:20:23",1,1506
1821,177,"2021-05-05 17:20:26",1,1506
1822,182,"2021-05-05 17:20:46",1,1504
1823,177,"2021-05-05 17:21:02",1,1507
1824,177,"2021-05-05 17:22:30",1,1508
1825,177,"2021-05-05 17:22:41",1,1512
1826,177,"2021-05-05 17:22:58",1,1513
1827,182,"2021-05-05 17:24:08",1,1507
1828,177,"2021-05-05 17:28:42",1,1514
1829,182,"2021-05-05 17:32:18",1,1508
1830,177,"2021-05-05 17:34:36",1,1515
1831,182,"2021-05-05 17:36:06",1,1512
1832,182,"2021-05-05 17:36:16",1,1514
1833,177,"2021-05-05 17:38:13",1,1516
1834,182,"2021-05-05 17:40:09",1,1516
1835,177,"2021-05-05 17:41:43",1,1517
1836,182,"2021-05-05 17:47:48",1,1517
1837,182,"2021-05-05 17:48:54",1,1518
1838,177,"2021-05-05 17:49:22",1,1518
1839,182,"2021-05-05 17:50:44",1,1520
1840,182,"2021-05-05 17:51:24",1,1521
1841,182,"2021-05-05 17:53:15",1,1522
1842,177,"2021-05-05 17:53:42",1,1520
1843,182,"2021-05-05 17:54:52",1,1523
1844,177,"2021-05-05 17:55:07",1,1521
1845,182,"2021-05-05 17:55:20",1,1524
1846,177,"2021-05-05 17:55:39",1,1523
1847,182,"2021-05-05 17:58:17",1,1525
1848,182,"2021-05-05 18:02:45",1,1526
1849,182,"2021-05-05 18:04:29",1,1527
1850,182,"2021-05-05 18:07:12",1,1528
1851,176,"2021-05-05 21:09:57",1,1507
1852,176,"2021-05-05 21:10:27",1,1514
1853,176,"2021-05-05 21:11:57",1,1518
1854,176,"2021-05-05 21:19:30",1,1593
1855,176,"2021-05-05 21:22:37",1,1520
1856,176,"2021-05-05 21:23:50",1,1540
1857,176,"2021-05-05 21:27:14",1,1539
1858,176,"2021-05-05 21:27:28",1,1548
1859,176,"2021-05-05 21:28:43",1,1580
1860,176,"2021-05-05 21:28:58",1,1555
1861,176,"2021-05-05 21:30:03",1,1568
1862,176,"2021-05-05 21:30:15",1,1556
1863,176,"2021-05-05 21:30:25",1,1553
1864,176,"2021-05-05 21:30:38",1,1559
1865,176,"2021-05-05 21:30:50",1,1638
1866,176,"2021-05-05 21:31:03",1,1785
1867,176,"2021-05-05 21:31:25",1,1729
1868,176,"2021-05-05 21:31:40",1,1717
1869,176,"2021-05-05 21:32:06",1,1666
1870,176,"2021-05-05 21:32:31",1,1652
1871,176,"2021-05-05 21:32:47",1,1940
1872,176,"2021-05-05 21:32:58",1,1624
1873,176,"2021-05-05 21:33:11",1,1762
1874,176,"2021-05-05 21:33:26",1,1951
1875,176,"2021-05-05 21:33:47",1,1772
1876,182,"2021-05-06 04:32:39",1,1529
1877,182,"2021-05-06 04:34:17",1,1530
1878,182,"2021-05-06 04:38:57",1,1531
1879,182,"2021-05-06 04:40:37",1,1532
1880,182,"2021-05-06 04:42:54",1,1533
1881,182,"2021-05-06 04:44:33",1,1534
1882,182,"2021-05-06 04:45:49",1,1535
1883,182,"2021-05-06 04:48:27",1,1536
1884,182,"2021-05-06 04:50:18",1,1537
1885,182,"2021-05-06 04:51:50",1,1538
1886,182,"2021-05-06 04:53:33",1,1539
1887,182,"2021-05-06 05:01:46",1,1540
1888,182,"2021-05-06 05:02:25",1,1541
1889,182,"2021-05-06 05:02:37",1,1542
1890,182,"2021-05-06 05:03:43",1,1543
1891,182,"2021-05-06 05:06:05",1,1544
1892,182,"2021-05-06 05:07:17",1,1545
1893,182,"2021-05-06 05:08:59",1,1546
1894,182,"2021-05-06 05:12:15",1,1547
1895,182,"2021-05-06 05:13:59",1,1548
1896,182,"2021-05-06 05:16:57",1,1549
1897,182,"2021-05-06 05:18:48",1,1550
1898,182,"2021-05-06 05:19:25",1,1551
1899,182,"2021-05-06 05:21:34",1,1552
1900,182,"2021-05-06 05:40:26",1,1553
1901,179,"2021-05-06 05:45:21",1,1523
1902,179,"2021-05-06 05:46:51",1,1524
1903,179,"2021-05-06 05:47:08",1,1525
1904,179,"2021-05-06 05:47:30",1,1526
1905,179,"2021-05-06 05:47:49",1,1527
1906,179,"2021-05-06 05:48:15",1,1528
1907,179,"2021-05-06 05:48:39",1,1529
1908,179,"2021-05-06 05:49:08",1,1530
1909,179,"2021-05-06 05:49:37",1,1531
1910,179,"2021-05-06 05:49:58",1,1532
1911,179,"2021-05-06 05:50:21",1,1534
1912,179,"2021-05-06 05:50:57",1,1533
1913,179,"2021-05-06 05:51:18",1,1535
1914,179,"2021-05-06 05:51:54",1,1536
1915,179,"2021-05-06 05:52:19",1,1537
1916,179,"2021-05-06 05:52:41",1,1538
1917,179,"2021-05-06 05:53:08",1,1539
1918,179,"2021-05-06 05:54:04",1,1540
1919,179,"2021-05-06 05:54:44",1,1541
1920,179,"2021-05-06 05:55:15",1,1542
1921,179,"2021-05-06 05:55:45",1,1543
1922,179,"2021-05-06 05:56:10",1,1544
1923,179,"2021-05-06 05:56:42",1,1545
1924,179,"2021-05-06 05:57:07",1,1547
1925,179,"2021-05-06 05:57:38",1,1548
1926,179,"2021-05-06 05:58:17",1,1549
1927,179,"2021-05-06 05:58:42",1,1550
1928,179,"2021-05-06 05:59:16",1,1551
1929,179,"2021-05-06 05:59:37",1,1552
1930,179,"2021-05-06 05:59:57",1,1553
1931,179,"2021-05-06 06:00:15",1,1554
1932,179,"2021-05-06 06:00:34",1,1556
1933,179,"2021-05-06 06:00:52",1,1557
1934,179,"2021-05-06 06:01:14",1,1558
1935,179,"2021-05-06 06:01:45",1,1559
1936,179,"2021-05-06 06:02:19",1,1560
1937,179,"2021-05-06 06:02:50",1,1561
1938,179,"2021-05-06 06:03:12",1,1562
1939,179,"2021-05-06 06:04:17",1,1563
1940,179,"2021-05-06 06:04:48",1,1564
1941,179,"2021-05-06 06:05:23",1,1565
1942,179,"2021-05-06 06:05:45",1,1566
1943,179,"2021-05-06 06:06:10",1,1567
1944,179,"2021-05-06 06:07:08",1,1568
1945,179,"2021-05-06 06:07:40",1,1569
1946,179,"2021-05-06 06:08:47",1,1570
1947,179,"2021-05-06 06:09:49",1,1572
1948,179,"2021-05-06 06:10:43",1,1571
1949,179,"2021-05-06 06:11:38",1,1575
1950,179,"2021-05-06 06:12:30",1,1576
1951,179,"2021-05-06 06:13:05",1,1578
1952,179,"2021-05-06 06:13:29",1,1582
1953,179,"2021-05-06 06:14:51",1,1591
1954,182,"2021-05-06 07:49:46",1,1554
1955,182,"2021-05-06 07:50:23",1,1555
1956,182,"2021-05-06 07:50:45",1,1556
1957,182,"2021-05-06 07:52:05",1,1557
1958,182,"2021-05-06 07:55:17",1,1563
1959,182,"2021-05-06 07:56:42",1,1566
1960,184,"2021-05-06 14:33:31",1,1525
1961,184,"2021-05-06 14:38:08",1,1566
1962,184,"2021-05-06 14:40:21",1,1532
1963,184,"2021-05-06 14:42:13",1,1537
1964,172,"2021-05-06 15:59:06",1,1526
1965,172,"2021-05-06 15:59:27",1,1527
1966,172,"2021-05-06 16:02:41",1,1694
1967,172,"2021-05-06 16:03:03",1,1544
1968,172,"2021-05-06 16:08:48",1,1679
1969,172,"2021-05-06 16:09:06",1,1551
1970,172,"2021-05-06 16:10:43",1,1567
1971,172,"2021-05-06 16:11:05",1,1552
1972,172,"2021-05-06 16:13:12",1,1575
1973,172,"2021-05-06 16:13:28",1,1562
1974,172,"2021-05-06 16:14:13",1,1560
1975,172,"2021-05-06 16:14:51",1,1577
1976,172,"2021-05-06 16:15:12",1,1621
1977,172,"2021-05-06 16:16:48",1,1590
1978,172,"2021-05-06 16:17:08",1,1558
1979,172,"2021-05-06 16:17:27",1,1632
1980,172,"2021-05-06 16:19:13",1,1603
1981,172,"2021-05-06 16:20:19",1,1612
1982,172,"2021-05-06 16:20:34",1,1564
1983,172,"2021-05-06 16:21:00",1,1638
1984,172,"2021-05-06 16:21:44",1,1628
1985,172,"2021-05-06 16:22:55",1,1624
1986,172,"2021-05-06 16:23:28",1,1616
1987,172,"2021-05-06 16:26:38",1,1588
1988,172,"2021-05-06 16:26:53",1,1559
1989,172,"2021-05-06 16:27:09",1,1569
1990,172,"2021-05-06 16:28:07",1,1565
1991,172,"2021-05-06 16:28:50",1,1570
1992,172,"2021-05-06 16:29:38",1,1568
1993,172,"2021-05-06 16:29:59",1,1572
1994,172,"2021-05-06 16:31:56",1,1563
1995,172,"2021-05-06 16:33:41",1,1571
1996,172,"2021-05-06 16:33:59",1,1554
1997,172,"2021-05-06 16:34:16",1,1561
1998,172,"2021-05-06 16:35:42",1,1574
1999,172,"2021-05-06 16:36:52",1,1579
2000,172,"2021-05-06 16:37:58",1,1580
2001,172,"2021-05-06 16:48:29",1,1578
2002,172,"2021-05-06 16:49:56",1,1581
2003,172,"2021-05-06 16:51:09",1,1583
2004,172,"2021-05-06 16:51:26",1,1582
2005,172,"2021-05-06 16:52:46",1,1585
2006,172,"2021-05-06 16:53:32",1,1576
2007,172,"2021-05-06 16:54:18",1,1587
2008,172,"2021-05-06 17:22:02",1,1529
2009,172,"2021-05-06 17:22:25",1,1530
2010,172,"2021-05-06 17:22:43",1,1535
2011,172,"2021-05-06 17:23:00",1,1536
2012,172,"2021-05-06 17:23:53",1,1541
2013,178,"2021-05-06 17:26:36",1,1572
2014,178,"2021-05-06 17:27:47",1,1928
2015,182,"2021-05-06 17:28:00",1,1568
2016,182,"2021-05-06 17:28:11",1,1558
2017,182,"2021-05-06 17:28:25",1,1560
2018,182,"2021-05-06 17:28:36",1,1561
2019,182,"2021-05-06 17:28:46",1,1562
2020,178,"2021-05-06 17:28:51",1,1872
2021,182,"2021-05-06 17:28:57",1,1564
2022,182,"2021-05-06 17:29:08",1,1565
2023,172,"2021-05-06 17:32:39",1,1951
2024,172,"2021-05-06 17:33:04",1,1545
2025,172,"2021-05-06 17:33:23",1,1542
2026,182,"2021-05-06 17:34:13",1,1567
2027,172,"2021-05-06 17:35:07",1,1543
2028,172,"2021-05-06 17:35:29",1,1547
2029,172,"2021-05-06 17:35:57",1,1550
2030,172,"2021-05-06 17:36:34",1,1573
2031,172,"2021-05-06 17:37:14",1,1584
2032,172,"2021-05-06 17:41:17",1,1586
2033,172,"2021-05-06 17:41:56",1,1589
2034,172,"2021-05-06 17:42:21",1,1591
2035,172,"2021-05-06 17:43:19",1,1592
2036,172,"2021-05-06 17:44:08",1,1593
2037,173,"2021-05-06 17:44:20",1,1569
2038,182,"2021-05-06 17:46:04",1,1569
2039,182,"2021-05-06 17:47:06",1,1570
2040,182,"2021-05-06 17:50:00",1,1571
2041,178,"2021-05-06 17:52:10",1,1879
2042,173,"2021-05-06 17:56:59",1,1592
2043,176,"2021-05-06 17:58:54",1,1592
2044,182,"2021-05-06 18:00:26",1,1574
2045,172,"2021-05-06 18:13:46",1,1594
2046,172,"2021-05-06 18:14:07",1,1595
2047,172,"2021-05-06 18:15:15",1,1596
2048,172,"2021-05-06 18:15:31",1,1597
2049,178,"2021-05-06 18:15:46",1,1700
2050,172,"2021-05-06 18:15:59",1,1598
2051,172,"2021-05-06 18:18:45",1,1599
2052,172,"2021-05-06 18:19:02",1,1600
2053,172,"2021-05-06 18:19:37",1,1601
2054,176,"2021-05-06 18:26:01",1,1591
2055,182,"2021-05-06 18:26:49",1,1575
2056,176,"2021-05-07 02:16:02",1,1590
2057,176,"2021-05-07 02:16:46",1,1597
2058,176,"2021-05-07 02:17:55",1,1600
2059,176,"2021-05-07 02:18:51",1,1610
2060,176,"2021-05-07 02:19:15",1,1632
2061,176,"2021-05-07 02:19:30",1,1573
2062,176,"2021-05-07 02:19:56",1,1574
2063,176,"2021-05-07 02:20:06",1,1576
2064,176,"2021-05-07 02:20:21",1,1577
2065,176,"2021-05-07 02:20:35",1,1578
2066,176,"2021-05-07 02:20:50",1,1579
2067,176,"2021-05-07 02:20:59",1,1581
2068,176,"2021-05-07 02:21:10",1,1582
2069,176,"2021-05-07 02:21:35",1,1583
2070,176,"2021-05-07 02:22:02",1,1584
2071,176,"2021-05-07 02:22:30",1,1585
2072,176,"2021-05-07 02:23:16",1,1586
2073,176,"2021-05-07 02:23:36",1,1588
2074,176,"2021-05-07 02:24:06",1,1587
2075,176,"2021-05-07 02:24:36",1,1589
2076,176,"2021-05-07 02:25:02",1,1594
2077,176,"2021-05-07 02:25:24",1,1595
2078,176,"2021-05-07 02:26:01",1,1609
2079,176,"2021-05-07 02:26:21",1,1596
2080,176,"2021-05-07 02:26:32",1,1612
2081,176,"2021-05-07 02:27:02",1,1598
2082,176,"2021-05-07 02:27:35",1,1601
2083,176,"2021-05-07 02:27:43",1,1599
2084,176,"2021-05-07 02:27:54",1,1603
2085,176,"2021-05-07 02:28:11",1,1602
2086,176,"2021-05-07 02:28:30",1,1604
2087,176,"2021-05-07 02:28:52",1,1605
2088,176,"2021-05-07 02:29:09",1,1607
2089,179,"2021-05-07 02:43:54",1,1894
2090,179,"2021-05-07 02:45:46",1,1586
2091,179,"2021-05-07 02:47:35",1,1577
2092,179,"2021-05-07 02:50:50",1,1579
2093,176,"2021-05-07 03:30:58",1,1606
2094,176,"2021-05-07 03:31:19",1,1608
2095,176,"2021-05-07 03:31:41",1,1611
2096,176,"2021-05-07 03:32:11",1,1613
2097,176,"2021-05-07 03:32:26",1,1614
2098,176,"2021-05-07 03:32:38",1,1615
2099,176,"2021-05-07 03:32:47",1,1616
2100,176,"2021-05-07 03:32:58",1,1617
2101,176,"2021-05-07 03:33:10",1,1620
2102,176,"2021-05-07 03:33:23",1,1621
2103,176,"2021-05-07 03:33:33",1,1622
2104,176,"2021-05-07 03:33:45",1,1950
2105,176,"2021-05-07 03:33:55",1,1623
2106,176,"2021-05-07 03:34:06",1,1625
2107,176,"2021-05-07 03:34:24",1,1626
2108,176,"2021-05-07 03:34:43",1,1627
2109,176,"2021-05-07 03:50:31",1,1628
2110,176,"2021-05-07 03:50:52",1,1629
2111,176,"2021-05-07 03:51:04",1,1630
2112,176,"2021-05-07 03:51:20",1,1948
2113,176,"2021-05-07 03:52:55",1,1947
2114,176,"2021-05-07 03:53:06",1,1633
2115,176,"2021-05-07 03:53:30",1,1945
2116,176,"2021-05-07 03:53:41",1,1935
2117,176,"2021-05-07 03:53:58",1,1904
2118,176,"2021-05-07 03:54:09",1,1635
2119,176,"2021-05-07 03:54:23",1,1933
2120,176,"2021-05-07 03:54:47",1,1882
2121,176,"2021-05-07 03:54:58",1,1643
2122,176,"2021-05-07 03:55:23",1,1859
2123,176,"2021-05-07 03:55:48",1,1896
2124,176,"2021-05-07 03:56:20",1,1659
2125,176,"2021-05-07 03:56:35",1,1777
2126,176,"2021-05-07 03:56:57",1,1726
2127,176,"2021-05-07 03:57:08",1,1651
2128,176,"2021-05-07 03:57:20",1,1647
2129,176,"2021-05-07 03:57:42",1,1843
2130,176,"2021-05-07 03:57:53",1,1784
2131,176,"2021-05-07 03:58:12",1,1873
2132,176,"2021-05-07 03:58:32",1,1927
2133,176,"2021-05-07 03:58:32",1,1927
2134,176,"2021-05-07 03:58:48",1,1836
2135,176,"2021-05-07 03:59:10",1,1944
2136,176,"2021-05-07 03:59:33",1,1943
2137,182,"2021-05-07 06:09:10",1,1577
2138,182,"2021-05-07 06:13:18",1,1580
2139,182,"2021-05-07 06:16:44",1,1581
2140,182,"2021-05-07 06:17:25",1,1583
2141,182,"2021-05-07 06:18:11",1,1584
2142,182,"2021-05-07 06:20:55",1,1585
2143,182,"2021-05-07 06:21:48",1,1587
2144,182,"2021-05-07 06:24:14",1,1588
2145,182,"2021-05-07 06:29:01",1,1589
2146,182,"2021-05-07 06:32:28",1,1590
2147,182,"2021-05-07 06:33:36",1,1593
2148,182,"2021-05-07 06:37:30",1,1594
2149,182,"2021-05-07 06:40:40",1,1595
2150,182,"2021-05-07 06:41:06",1,1596
2151,182,"2021-05-07 06:41:31",1,1597
2152,182,"2021-05-07 06:43:20",1,1601
2153,182,"2021-05-07 06:48:54",1,1602
2154,182,"2021-05-07 06:49:53",1,1604
2155,182,"2021-05-07 07:57:39",1,1605
2156,182,"2021-05-07 07:58:55",1,1607
2157,182,"2021-05-07 08:01:48",1,1608
2158,182,"2021-05-07 08:08:52",1,1609
2159,111,"2021-05-07 22:17:40",1,1733
2160,166,"2021-05-08 16:29:38",1,1778
2161,178,"2021-05-08 17:36:40",1,1614
2162,178,"2021-05-08 17:38:35",1,1722
2163,178,"2021-05-08 17:39:26",1,1620
2164,178,"2021-05-08 17:39:51",1,1721
2165,178,"2021-05-08 17:40:19",1,1720
2166,178,"2021-05-08 17:40:57",1,1718
2167,178,"2021-05-08 17:41:15",1,1719
2168,178,"2021-05-08 17:41:46",1,1717
2169,178,"2021-05-08 17:43:02",1,1681
2170,178,"2021-05-08 17:43:17",1,1622
2171,178,"2021-05-08 17:43:33",1,1711
2172,178,"2021-05-08 17:47:29",1,1708
2173,178,"2021-05-08 17:48:22",1,1669
2174,178,"2021-05-08 17:50:10",1,1686
2175,178,"2021-05-08 17:54:02",1,1672
2176,178,"2021-05-08 17:56:33",1,1648
2177,172,"2021-05-09 14:56:42",1,1606
2178,172,"2021-05-09 14:57:09",1,1610
2179,172,"2021-05-09 14:57:31",1,1611
2180,172,"2021-05-09 14:57:52",1,1613
2181,172,"2021-05-09 14:58:04",1,1615
2182,172,"2021-05-09 14:58:13",1,1617
2183,172,"2021-05-09 14:58:22",1,1620
2184,172,"2021-05-09 14:58:32",1,1623
2185,172,"2021-05-09 14:58:43",1,1625
2186,172,"2021-05-09 14:58:55",1,1626
2187,172,"2021-05-09 14:59:11",1,1627
2188,172,"2021-05-09 14:59:24",1,1629
2189,172,"2021-05-09 14:59:35",1,1630
2190,172,"2021-05-09 14:59:53",1,1633
2191,172,"2021-05-09 15:00:04",1,1634
2192,172,"2021-05-09 15:00:15",1,1635
2193,172,"2021-05-09 15:00:29",1,1636
2194,172,"2021-05-09 15:00:41",1,1637
2195,172,"2021-05-09 15:05:22",1,1639
2196,172,"2021-05-09 15:05:34",1,1640
2197,172,"2021-05-09 15:05:50",1,1641
2198,172,"2021-05-09 15:06:02",1,1642
2199,172,"2021-05-09 15:06:13",1,1643
2200,172,"2021-05-09 15:06:24",1,1644
2201,172,"2021-05-09 15:06:34",1,1645
2202,172,"2021-05-09 15:06:45",1,1646
2203,172,"2021-05-09 15:06:56",1,1647
2204,172,"2021-05-09 15:07:10",1,1648
2205,172,"2021-05-09 15:07:23",1,1649
2206,172,"2021-05-09 15:07:33",1,1650
2207,177,"2021-05-10 01:07:57",1,1573
2208,177,"2021-05-10 01:08:06",1,1615
2209,177,"2021-05-10 01:08:16",1,1617
2210,177,"2021-05-10 01:08:26",1,1621
2211,177,"2021-05-10 01:08:36",1,1623
2212,177,"2021-05-10 01:08:45",1,1625
2213,177,"2021-05-10 01:09:32",1,1627
2214,177,"2021-05-10 01:09:54",1,1628
2215,177,"2021-05-10 01:10:09",1,1633
2216,177,"2021-05-10 01:10:25",1,1634
2217,177,"2021-05-10 01:10:42",1,1635
2218,177,"2021-05-10 01:10:58",1,1636
2219,177,"2021-05-10 01:11:12",1,1637
2220,177,"2021-05-10 01:11:26",1,1638
2221,177,"2021-05-10 01:11:44",1,1639
2222,177,"2021-05-10 01:12:01",1,1640
2223,177,"2021-05-10 01:12:24",1,1641
2224,177,"2021-05-10 01:12:43",1,1642
2225,177,"2021-05-10 01:12:57",1,1643
2226,177,"2021-05-10 01:13:12",1,1644
2227,177,"2021-05-10 01:13:34",1,1645
2228,177,"2021-05-10 01:13:58",1,1646
2229,177,"2021-05-10 01:14:33",1,1647
2230,177,"2021-05-10 01:14:54",1,1648
2231,177,"2021-05-10 01:15:25",1,1649
2232,177,"2021-05-10 01:15:53",1,1650
2233,177,"2021-05-10 01:16:33",1,1651
2234,177,"2021-05-10 01:17:02",1,1652
2235,177,"2021-05-10 01:17:18",1,1653
2236,177,"2021-05-10 01:17:40",1,1654
2237,177,"2021-05-10 01:18:06",1,1655
2238,177,"2021-05-10 01:18:28",1,1656
2239,177,"2021-05-10 01:18:50",1,1657
2240,177,"2021-05-10 01:19:41",1,1658
2241,177,"2021-05-10 01:20:06",1,1659
2242,177,"2021-05-10 01:20:19",1,1660
2243,177,"2021-05-10 01:20:50",1,1661
2244,177,"2021-05-10 01:22:17",1,1662
2245,177,"2021-05-10 01:22:37",1,1663
2246,177,"2021-05-10 01:23:04",1,1665
2247,177,"2021-05-10 01:25:42",1,1664
2248,177,"2021-05-10 01:26:34",1,1666
2249,177,"2021-05-10 01:34:00",1,1667
2250,177,"2021-05-10 01:34:16",1,1668
2251,178,"2021-05-10 02:03:33",1,1709
2252,178,"2021-05-10 02:03:50",1,1716
2253,178,"2021-05-10 02:04:06",1,1715
2254,178,"2021-05-10 02:04:23",1,1714
2255,178,"2021-05-10 02:04:42",1,1636
2256,178,"2021-05-10 02:04:52",1,1637
2257,178,"2021-05-10 02:05:04",1,1639
2258,178,"2021-05-10 02:05:21",1,1713
2259,178,"2021-05-10 02:05:36",1,1712
2260,178,"2021-05-10 02:05:46",1,1641
2261,178,"2021-05-10 02:06:03",1,1707
2262,178,"2021-05-10 02:06:17",1,1710
2263,178,"2021-05-10 02:07:07",1,1703
2264,178,"2021-05-10 02:07:21",1,1705
2265,178,"2021-05-10 02:07:37",1,1706
2266,178,"2021-05-10 02:08:32",1,1701
2267,178,"2021-05-10 02:08:42",1,1640
2268,178,"2021-05-10 02:08:53",1,1642
2269,178,"2021-05-10 02:09:31",1,1695
2270,178,"2021-05-10 02:09:46",1,1644
2271,178,"2021-05-10 02:10:24",1,1680
2272,178,"2021-05-10 02:11:03",1,1665
2273,178,"2021-05-10 02:11:44",1,1696
2274,178,"2021-05-10 02:12:05",1,1675
2275,178,"2021-05-10 02:12:41",1,1670
2276,178,"2021-05-10 02:13:11",1,1678
2277,178,"2021-05-10 02:13:38",1,1685
2278,178,"2021-05-10 02:14:06",1,1693
2279,178,"2021-05-10 02:14:15",1,1668
2280,178,"2021-05-10 02:14:25",1,1655
2281,178,"2021-05-10 02:14:53",1,1660
2282,178,"2021-05-10 02:15:10",1,1646
2283,178,"2021-05-10 02:15:47",1,1688
2284,178,"2021-05-10 02:16:15",1,1666
2285,178,"2021-05-10 02:16:29",1,1689
2286,178,"2021-05-10 02:16:57",1,1691
2287,178,"2021-05-10 02:17:11",1,1684
2288,177,"2021-05-10 02:17:12",1,1669
2289,177,"2021-05-10 02:17:36",1,1670
2290,178,"2021-05-10 02:17:42",1,1679
2291,177,"2021-05-10 02:17:44",1,1671
2292,178,"2021-05-10 02:17:58",1,1683
2293,178,"2021-05-10 02:18:21",1,1664
2294,178,"2021-05-10 02:18:35",1,1663
2295,178,"2021-05-10 02:18:59",1,1674
2296,177,"2021-05-10 02:19:17",1,1672
2297,178,"2021-05-10 02:19:19",1,1690
2298,177,"2021-05-10 02:19:33",1,1673
2299,177,"2021-05-10 02:19:54",1,1674
2300,178,"2021-05-10 02:19:57",1,1677
2301,177,"2021-05-10 02:20:13",1,1676
2302,178,"2021-05-10 02:20:15",1,1687
2303,178,"2021-05-10 02:20:31",1,1673
2304,178,"2021-05-10 02:20:41",1,1659
2305,178,"2021-05-10 02:20:52",1,1697
2306,178,"2021-05-10 02:21:09",1,1682
2307,178,"2021-05-10 02:21:17",1,1661
2308,178,"2021-05-10 02:21:38",1,1651
2309,178,"2021-05-10 02:21:48",1,1645
2310,178,"2021-05-10 02:21:57",1,1652
2311,178,"2021-05-10 02:22:05",1,1650
2312,178,"2021-05-10 02:22:14",1,1653
2313,177,"2021-05-10 02:22:17",1,1677
2314,178,"2021-05-10 02:22:24",1,1654
2315,178,"2021-05-10 02:22:32",1,1657
2316,178,"2021-05-10 02:22:41",1,1656
2317,178,"2021-05-10 02:22:49",1,1658
2318,178,"2021-05-10 02:23:35",1,1662
2319,178,"2021-05-10 02:23:55",1,1667
2320,178,"2021-05-10 02:24:03",1,1671
2321,178,"2021-05-10 02:24:11",1,1692
2322,178,"2021-05-10 02:24:24",1,1676
2323,178,"2021-05-10 02:24:38",1,1698
2324,178,"2021-05-10 02:24:53",1,1699
2325,177,"2021-05-10 02:27:20",1,1678
2326,177,"2021-05-10 02:36:46",1,1679
2327,175,"2021-05-10 05:39:23",1,1653
2328,175,"2021-05-10 05:40:56",1,1654
2329,175,"2021-05-10 05:44:14",1,1658
2330,175,"2021-05-10 05:47:46",1,1660
2331,175,"2021-05-10 05:49:46",1,1950
2332,175,"2021-05-10 05:52:05",1,1945
2333,175,"2021-05-10 05:54:08",1,1943
2334,175,"2021-05-10 05:59:59",1,1726
2335,175,"2021-05-10 06:01:25",1,1727
2336,175,"2021-05-10 06:02:34",1,1728
2337,175,"2021-05-10 06:03:29",1,1729
2338,175,"2021-05-10 06:04:55",1,1730
2339,175,"2021-05-10 06:08:01",1,1942
2340,175,"2021-05-10 06:08:12",1,1941
2341,175,"2021-05-10 06:09:05",1,1940
2342,175,"2021-05-10 06:10:22",1,1939
2343,175,"2021-05-10 06:10:52",1,1938
2344,175,"2021-05-10 06:12:08",1,1936
2345,175,"2021-05-10 06:12:48",1,1937
2346,175,"2021-05-10 06:13:09",1,1935
2347,175,"2021-05-10 06:13:33",1,1934
2348,175,"2021-05-10 06:13:49",1,1933
2349,175,"2021-05-10 06:14:14",1,1932
2350,175,"2021-05-10 06:14:58",1,1931
2351,175,"2021-05-10 06:15:09",1,1930
2352,175,"2021-05-10 06:15:44",1,1929
2353,175,"2021-05-10 06:16:14",1,1928
2354,175,"2021-05-10 06:39:27",1,1926
2355,175,"2021-05-10 06:41:35",1,1925
2356,175,"2021-05-10 06:50:42",1,1924
2357,175,"2021-05-10 06:50:58",1,1923
2358,175,"2021-05-10 06:53:42",1,1922
2359,175,"2021-05-10 06:55:25",1,1921
2360,175,"2021-05-10 06:57:09",1,1920
2361,175,"2021-05-10 06:58:44",1,1919
2362,175,"2021-05-10 07:44:07",1,1918
2363,175,"2021-05-10 07:50:11",1,1917
2364,175,"2021-05-10 07:50:47",1,1916
2365,175,"2021-05-10 07:51:21",1,1915
2366,175,"2021-05-10 07:52:03",1,1775
2367,175,"2021-05-10 07:52:22",1,1700
2368,175,"2021-05-10 07:53:21",1,1671
2369,175,"2021-05-10 07:53:31",1,1684
2370,175,"2021-05-10 07:53:55",1,1709
2371,175,"2021-05-10 07:54:11",1,1781
2372,175,"2021-05-10 07:55:05",1,1739
2373,175,"2021-05-10 07:57:56",1,1741
2374,175,"2021-05-10 08:04:09",1,1735
2375,175,"2021-05-10 08:06:55",1,1754
2376,175,"2021-05-10 08:08:43",1,1913
2377,175,"2021-05-10 08:09:20",1,1911
2378,175,"2021-05-10 08:10:01",1,1914
2379,175,"2021-05-10 08:11:46",1,1912
2380,175,"2021-05-10 08:19:32",1,1910
2381,175,"2021-05-10 08:30:05",1,1908
2382,175,"2021-05-10 08:33:40",1,1907
2383,175,"2021-05-10 08:34:51",1,1670
2384,175,"2021-05-10 08:41:17",1,1667
2385,184,"2021-05-10 15:54:11",1,1663
2386,184,"2021-05-10 15:54:41",1,1684
2387,184,"2021-05-10 15:56:20",1,1668
2388,184,"2021-05-10 15:57:03",1,1672
2389,184,"2021-05-10 15:58:33",1,1676
2390,184,"2021-05-10 15:59:25",1,1711
2391,184,"2021-05-10 16:00:26",1,1900
2392,184,"2021-05-10 16:00:44",1,1760
2393,184,"2021-05-10 16:01:01",1,1705
2394,184,"2021-05-10 16:02:29",1,1677
2395,184,"2021-05-10 16:04:28",1,1680
2396,184,"2021-05-10 16:06:13",1,1669
2397,184,"2021-05-10 16:07:22",1,1691
2398,184,"2021-05-10 16:08:54",1,1719
2399,183,"2021-05-10 16:08:59",1,1728
2400,183,"2021-05-10 16:10:53",1,1678
2401,184,"2021-05-10 16:10:58",1,1678
2402,183,"2021-05-10 16:11:18",1,1932
2403,183,"2021-05-10 16:11:53",1,1727
2404,183,"2021-05-10 16:12:04",1,1747
2405,184,"2021-05-10 16:12:35",1,1683
2406,183,"2021-05-10 16:12:43",1,1691
2407,183,"2021-05-10 16:12:57",1,1751
2408,183,"2021-05-10 16:13:05",1,1733
2409,183,"2021-05-10 16:16:52",1,1681
2410,183,"2021-05-10 16:17:19",1,1682
2411,184,"2021-05-10 16:17:34",1,1682
2412,183,"2021-05-10 16:18:13",1,1703
2413,183,"2021-05-10 16:18:22",1,1718
2414,183,"2021-05-10 16:19:25",1,1680
2415,183,"2021-05-10 16:19:35",1,1712
2416,184,"2021-05-10 16:19:39",1,1689
2417,183,"2021-05-10 16:20:01",1,1689
2418,183,"2021-05-10 16:20:10",1,1716
2419,183,"2021-05-10 16:20:17",1,1707
2420,184,"2021-05-10 16:20:27",1,1685
2421,183,"2021-05-10 16:21:12",1,1702
2422,184,"2021-05-10 16:21:14",1,1698
2423,183,"2021-05-10 16:21:40",1,1699
2424,183,"2021-05-10 16:22:11",1,1814
2425,184,"2021-05-10 16:22:14",1,1681
2426,183,"2021-05-10 16:22:30",1,1656
2427,183,"2021-05-10 16:22:40",1,1721
2428,183,"2021-05-10 16:22:57",1,1687
2429,183,"2021-05-10 16:23:22",1,1693
2430,184,"2021-05-10 16:23:33",1,1662
2431,183,"2021-05-10 16:23:45",1,1673
2432,183,"2021-05-10 16:23:52",1,1706
2433,183,"2021-05-10 16:24:00",1,1734
2434,183,"2021-05-10 16:24:09",1,1742
2435,183,"2021-05-10 16:24:16",1,1749
2436,183,"2021-05-10 16:24:24",1,1752
2437,183,"2021-05-10 16:24:48",1,1695
2438,183,"2021-05-10 16:24:55",1,1657
2439,183,"2021-05-10 16:25:04",1,1655
2440,183,"2021-05-10 16:25:46",1,1661
2441,183,"2021-05-10 16:26:03",1,1674
2442,184,"2021-05-10 16:26:05",1,1686
2443,184,"2021-05-10 16:26:30",1,1713
2444,184,"2021-05-10 16:27:02",1,1707
2445,184,"2021-05-10 16:30:23",1,1706
2446,184,"2021-05-10 16:30:38",1,1712
2447,184,"2021-05-10 16:31:51",1,1692
2448,183,"2021-05-10 16:31:51",1,1683
2449,183,"2021-05-10 16:31:58",1,1720
2450,183,"2021-05-10 16:32:04",1,1686
2451,183,"2021-05-10 16:32:11",1,1705
2452,183,"2021-05-10 16:32:18",1,1713
2453,183,"2021-05-10 16:32:26",1,1722
2454,184,"2021-05-10 16:32:55",1,1721
2455,183,"2021-05-10 16:36:31",1,1776
2456,183,"2021-05-10 16:39:49",1,1730
2457,183,"2021-05-10 16:39:57",1,1731
2458,183,"2021-05-10 16:40:05",1,1732
2459,183,"2021-05-10 16:40:12",1,1735
2460,183,"2021-05-10 16:40:21",1,1736
2461,183,"2021-05-10 16:40:29",1,1737
2462,183,"2021-05-10 16:41:16",1,1755
2463,183,"2021-05-10 16:41:26",1,1738
2464,183,"2021-05-10 16:41:49",1,1739
2465,183,"2021-05-10 16:41:58",1,1743
2466,183,"2021-05-10 16:42:05",1,1740
2467,183,"2021-05-10 16:42:12",1,1744
2468,183,"2021-05-10 16:42:21",1,1745
2469,183,"2021-05-10 16:43:25",1,1929
2470,183,"2021-05-10 16:43:33",1,1767
2471,183,"2021-05-10 16:43:44",1,1771
2472,183,"2021-05-10 16:43:59",1,1785
2473,183,"2021-05-10 16:44:06",1,1748
2474,183,"2021-05-10 16:44:13",1,1770
2475,183,"2021-05-10 16:44:22",1,1783
2476,183,"2021-05-10 16:44:29",1,1784
